"2030 Group","TA ID","TA Name","TA Email","TA Phone no.","TA 2029 Grp","Student Name","Roll No","SST Email","Tier","Sub-tier","Student Group","","","","","","","","","","","","","",""
"D","INT_DSA_TA17","Aarav Porwal","aarav.25bcs10146@sst.scaler.com","8970008907","B","Abhinav Pathak","26bcs10551","abhinav.26bcs10551@sst.scaler.com","Tier-2","Tier-2 JEE","D","D","","","","","","","","","","","","",""
"D","INT_DSA_TA17","Aarav Porwal","aarav.25bcs10146@sst.scaler.com","8970008907","B","Aditi Shah","26bcs10690","aditi.26bcs10690@sst.scaler.com","Tier-1","Tier-1 JEE + Acad (12th)","D","D","","","","","","","","","","","","",""
"D","INT_DSA_TA17","Aarav Porwal","aarav.25bcs10146@sst.scaler.com","8970008907","B","Bhavya Gautam","26bcs10756","bhavya.26bcs10756@sst.scaler.com","Tier-2","Tier-2","D","D","","","","","","","","","","","","",""
"D","INT_DSA_TA17","Aarav Porwal","aarav.25bcs10146@sst.scaler.com","8970008907","B","Chellenkula Kavya Keerthana","26bcs10721","chellenkula.26bcs10721@sst.scaler.com","Tier-1","Tier-1 Academic (12th)","D","D","","","","","","","","","","","","",""
"D","INT_DSA_TA17","Aarav Porwal","aarav.25bcs10146@sst.scaler.com","8970008907","B","Chirank S","26bcs10590","chirank.26bcs10590@sst.scaler.com","Tier-2","Tier-2 JEE","D","D","","","","","","","","","","","","",""
"D","INT_DSA_TA17","Aarav Porwal","aarav.25bcs10146@sst.scaler.com","8970008907","B","Deepesh Chakravarti","26bcs10680","deepesh.26bcs10680@sst.scaler.com","Tier-1","Tier-1 Tech","D","D","","","","","","","","","","","","",""
"D","INT_DSA_TA17","Aarav Porwal","aarav.25bcs10146@sst.scaler.com","8970008907","B","Dhruvilkumar Patel","26bcs10659","dhruvilkumar.26bcs10659@sst.scaler.com","Tier-1","Tier-1 JEE","D","D","","","","","","","","","","","","",""
"D","INT_DSA_TA17","Aarav Porwal","aarav.25bcs10146@sst.scaler.com","8970008907","B","Dhyey Dholariya","26bcs10708","dhyey.26bcs10708@sst.scaler.com","Tier-3","Tier-3","D","D","","","","","","","","","","","","",""
"D","INT_DSA_TA17","Aarav Porwal","aarav.25bcs10146@sst.scaler.com","8970008907","B","Ekta Shilekar","26bcs10734","ekta.26bcs10734@sst.scaler.com","Tier-3","Tier-3","D","D","","","","","","","","","","","","",""
"D","INT_DSA_TA17","Aarav Porwal","aarav.25bcs10146@sst.scaler.com","8970008907","B","Gnanasaiteja Paruchuri","26bcs10605","gnanasaiteja.26bcs10605@sst.scaler.com","Tier-1","Tier-1 JEE","D","D","","","","","","","","","","","","",""
"D","INT_DSA_TA17","Aarav Porwal","aarav.25bcs10146@sst.scaler.com","8970008907","B","Hemant Karwasra","26bcs10618","hemant.26bcs10618@sst.scaler.com","Tier-2","Tier-2","D","D","","","","","","","","","","","","",""
"D","INT_DSA_TA17","Aarav Porwal","aarav.25bcs10146@sst.scaler.com","8970008907","B","Kushal Sawalkar","26bcs10670","kushal.26bcs10670@sst.scaler.com","Tier-1","Tier-1 JEE","D","D","","","","","","","","","","","","",""
"D","INT_DSA_TA17","Aarav Porwal","aarav.25bcs10146@sst.scaler.com","8970008907","B","Mahammed Tawseef","26bcs10597","mahammed.26bcs10597@sst.scaler.com","Tier-1","Tier-1 Academic (12th)","D","D","","","","","","","","","","","","",""
"D","INT_DSA_TA17","Aarav Porwal","aarav.25bcs10146@sst.scaler.com","8970008907","B","Mahir Jaisani","26bcs10631","mahir.26bcs10631@sst.scaler.com","Tier-2","Tier-2 JEE","D","D","","","","","","","","","","","","",""
"D","INT_DSA_TA17","Aarav Porwal","aarav.25bcs10146@sst.scaler.com","8970008907","B","Manish Vishwakarma","26bcs10691","manish.26bcs10691@sst.scaler.com","Tier-2","Tier-2","D","D","","","","","","","","","","","","",""
"D","INT_DSA_TA17","Aarav Porwal","aarav.25bcs10146@sst.scaler.com","8970008907","B","Mohit Prajapat","26bcs10724","mohit.26bcs10724@sst.scaler.com","Tier-2","Tier-2 JEE","D","D","","","","","","","","","","","","",""
"D","INT_DSA_TA17","Aarav Porwal","aarav.25bcs10146@sst.scaler.com","8970008907","B","Pavan Naga Siva Sai Naidu","26bcs10587","pavan.26bcs10587@sst.scaler.com","Tier-2","Tier-2 JEE","D","D","","","","","","","","","","","","",""
"D","INT_DSA_TA17","Aarav Porwal","aarav.25bcs10146@sst.scaler.com","8970008907","B","Priya Bharti","26bcs10526","priya.26bcs10526@sst.scaler.com","Tier-2","Tier-2","D","D","","","","","","","","","","","","",""
"D","INT_DSA_TA17","Aarav Porwal","aarav.25bcs10146@sst.scaler.com","8970008907","B","Reshav Kumar","26bcs10077","reshav.26bcs10077@sst.scaler.com","Tier-2","Tier-2 JEE","D","D","","","","","","","","","","","","",""
"D","INT_DSA_TA17","Aarav Porwal","aarav.25bcs10146@sst.scaler.com","8970008907","B","Rozen Deedi","26bcs10546","rozen.26bcs10546@sst.scaler.com","Tier-1","Tier-1 Tech","D","D","","","","","","","","","","","","",""
"D","INT_DSA_TA17","Aarav Porwal","aarav.25bcs10146@sst.scaler.com","8970008907","B","Selvi Kundariya","26bcs10313","selvi.26bcs10313@sst.scaler.com","Tier-2","Tier-2","D","D","","","","","","","","","","","","",""
"D","INT_DSA_TA17","Aarav Porwal","aarav.25bcs10146@sst.scaler.com","8970008907","B","Syed Taha Hussain Syed Taha Hussain","26bcs10555","syed.26bcs10555@sst.scaler.com","Tier-1","Tier-1 JEE + Acad (12th)","D","D","","","","","","","","","","","","",""
"D","INT_DSA_TA17","Aarav Porwal","aarav.25bcs10146@sst.scaler.com","8970008907","B","Tirth Jain","26bcs10473","tirth.26bcs10473@sst.scaler.com","Tier-2","Tier-2","D","D","","","","","","","","","","","","",""
"D","INT_DSA_TA17","Aarav Porwal","aarav.25bcs10146@sst.scaler.com","8970008907","B","Vikash Gopi","26bcs10693","vikash.26bcs10693@sst.scaler.com","Tier-2","Tier-2","D","D","","","","","","","","","","","","",""
"D","INT_DSA_TA17","Aarav Porwal","aarav.25bcs10146@sst.scaler.com","8970008907","B","Yasa Alekya","26bcs10653","yasa.26bcs10653@sst.scaler.com","Tier-1","Tier-1 Academic (12th)","D","D","","","","","","","","","","","","",""
"D","INT_DSA_TA17","Aarav Porwal","aarav.25bcs10146@sst.scaler.com","8970008907","B","SUDISHA PULLURI","","sudisha.26bcs10768@sst.scaler.com","","","D","D","","","","","","","","","","","","",""
"D","INT_DSA_TA17","Aarav Porwal","aarav.25bcs10146@sst.scaler.com","8970008907","B","Yaseen Basha","26bcs10703","yaseen.26bcs10703@sst.scaler.com","Tier-1","Tier-1 Academic (12th)","D","D","","","","","","","","","","","","",""
"D","INT_DSA_TA17","Aarav Porwal","aarav.25bcs10146@sst.scaler.com","8970008907","B","Nitesh Rana","","nitesh.26bcs10775@sst.scaler.com","","","D","D","","","","","","","","","","","","",""
"D","INT_DSA_TA17","Aarav Porwal","aarav.25bcs10146@sst.scaler.com","8970008907","A","Yash Jain","26bcs10660","yash.26bcs10660@sst.scaler.com","Tier-2","Tier-2 JEE","D","D","","","","","","","","","","","","",""
"D","INT_DSA_TA17","Aarav Porwal","aarav.25bcs10146@sst.scaler.com","8970008907","A","Yash Chougule","26bcs10671","yash.26bcs10671@sst.scaler.com","Tier-1","Tier-1 JEE","D","D","","","","","","","","","","","","",""
"B","INT_DSA_TA2","Abhishek Chauhan","abhishek.25bcs10165@sst.scaler.com","9528347079","B","Aksh Bhayani","26bcs10284","aksh.26bcs10284@sst.scaler.com","Tier-2","Tier-2 JEE","B","B","","","","","","","","","","","","",""
"B","INT_DSA_TA2","Abhishek Chauhan","abhishek.25bcs10165@sst.scaler.com","9528347079","B","Akshata Sinha","26bcs10490","akshata.26bcs10490@sst.scaler.com","Tier-2","Tier-2","B","B","","","","","","","","","","","","",""
"B","INT_DSA_TA2","Abhishek Chauhan","abhishek.25bcs10165@sst.scaler.com","9528347079","B","Amrith Srinivasan","26bcs10017","amrith.26bcs10017@sst.scaler.com","Tier-2","Tier-2 JEE","B","B","","","","","","","","","","","","",""
"B","INT_DSA_TA2","Abhishek Chauhan","abhishek.25bcs10165@sst.scaler.com","9528347079","B","Arnak Roychowdhury","26bcs10240","arnak.26bcs10240@sst.scaler.com","Tier-2","Tier-2","B","B","","","","","","","","","","","","",""
"B","INT_DSA_TA2","Abhishek Chauhan","abhishek.25bcs10165@sst.scaler.com","9528347079","B","Arnav Jain","26bcs10203","arnav.26bcs10203@sst.scaler.com","Tier-2","Tier-2","B","B","","","","","","","","","","","","",""
"B","INT_DSA_TA2","Abhishek Chauhan","abhishek.25bcs10165@sst.scaler.com","9528347079","B","Aryan Duakle","26bcs10187","aryan.26bcs10187@sst.scaler.com","Tier-2","Tier-2","B","B","","","","","","","","","","","","",""
"B","INT_DSA_TA2","Abhishek Chauhan","abhishek.25bcs10165@sst.scaler.com","9528347079","B","Ashwik Srivastava","26bcs10379","ashwik.26bcs10379@sst.scaler.com","Tier-1","Tier-1 JEE + Acad (12th)","B","B","","","","","","","","","","","","",""
"B","INT_DSA_TA2","Abhishek Chauhan","abhishek.25bcs10165@sst.scaler.com","9528347079","B","Ashwith Reddy","26bcs10405","ashwith.26bcs10405@sst.scaler.com","Tier-3","Tier-3","B","B","","","","","","","","","","","","",""
"B","INT_DSA_TA2","Abhishek Chauhan","abhishek.25bcs10165@sst.scaler.com","9528347079","B","Avani Deshpande","26bcs10330","avani.26bcs10330@sst.scaler.com","Tier-1","Tier-1 Academic (10th)","B","B","","","","","","","","","","","","",""
"B","INT_DSA_TA2","Abhishek Chauhan","abhishek.25bcs10165@sst.scaler.com","9528347079","B","Bishesh Saha","26bcs10123","bishesh.26bcs10123@sst.scaler.com","Tier-1","Tier-1 JEE + Acad (12th)","B","B","","","","","","","","","","","","",""
"B","INT_DSA_TA2","Abhishek Chauhan","abhishek.25bcs10165@sst.scaler.com","9528347079","B","Digvijay Singh Rathore","26bcs10214","digvijay.26bcs10214@sst.scaler.com","Tier-2","Tier-2 JEE","B","B","","","","","","","","","","","","",""
"B","INT_DSA_TA2","Abhishek Chauhan","abhishek.25bcs10165@sst.scaler.com","9528347079","B","Diya Parashar","26bcs10090","diya.26bcs10090@sst.scaler.com","Tier-3","Tier-3","B","B","","","","","","","","","","","","",""
"B","INT_DSA_TA2","Abhishek Chauhan","abhishek.25bcs10165@sst.scaler.com","9528347079","B","Gopal Agarwal","26bcs10389","gopal.26bcs10389@sst.scaler.com","Tier-2","Tier-2","B","B","","","","","","","","","","","","",""
"B","INT_DSA_TA2","Abhishek Chauhan","abhishek.25bcs10165@sst.scaler.com","9528347079","B","I Arihanth Reddy","26bcs10107","arihanth.26bcs10107@sst.scaler.com","Tier-1","Tier-1 JEE + Acad (12th)","B","B","","","","","","","","","","","","",""
"B","INT_DSA_TA2","Abhishek Chauhan","abhishek.25bcs10165@sst.scaler.com","9528347079","B","Ishan Gorai","26bcs10298","ishan.26bcs10298@sst.scaler.com","Tier-2","Tier-2 JEE","B","B","","","","","","","","","","","","",""
"B","INT_DSA_TA2","Abhishek Chauhan","abhishek.25bcs10165@sst.scaler.com","9528347079","B","Jenish Chaudhary","26bcs10111","jenish.26bcs10111@sst.scaler.com","Tier-2","Tier-2 JEE","B","B","","","","","","","","","","","","",""
"B","INT_DSA_TA2","Abhishek Chauhan","abhishek.25bcs10165@sst.scaler.com","9528347079","B","Kevin Stephen B","26bcs10022","kevin.26bcs10022@sst.scaler.com","Tier-2","Tier-2 JEE","B","B","","","","","","","","","","","","",""
"B","INT_DSA_TA2","Abhishek Chauhan","abhishek.25bcs10165@sst.scaler.com","9528347079","B","Kripa Kothari Kothari","26bcs10236","kripa.26bcs10236@sst.scaler.com","Tier-3","Tier-3","B","B","","","","","","","","","","","","",""
"B","INT_DSA_TA2","Abhishek Chauhan","abhishek.25bcs10165@sst.scaler.com","9528347079","B","Mahesh Epuri","26bcs10179","mahesh.26bcs10179@sst.scaler.com","Tier-1","Tier-1 JEE + Acad (12th)","B","B","","","","","","","","","","","","",""
"B","INT_DSA_TA2","Abhishek Chauhan","abhishek.25bcs10165@sst.scaler.com","9528347079","B","Manish Kumar","26bcs10031","manish.26bcs10031@sst.scaler.com","Tier-2","Tier-2 JEE","B","B","","","","","","","","","","","","",""
"B","INT_DSA_TA2","Abhishek Chauhan","abhishek.25bcs10165@sst.scaler.com","9528347079","B","Mihir Thapar","26bcs10064","mihir.26bcs10064@sst.scaler.com","Tier-2","Tier-2","B","B","","","","","","","","","","","","",""
"B","INT_DSA_TA2","Abhishek Chauhan","abhishek.25bcs10165@sst.scaler.com","9528347079","B","Mohammad Haashir Sadiq Shaikh","26bcs10527","mohammad.26bcs10527@sst.scaler.com","Tier-3","Tier-3","B","B","","","","","","","","","","","","",""
"B","INT_DSA_TA2","Abhishek Chauhan","abhishek.25bcs10165@sst.scaler.com","9528347079","B","Mohammed Munawwar Husen","26bcs10302","mohammed.26bcs10302@sst.scaler.com","Tier-2","Tier-2 JEE","B","B","","","","","","","","","","","","",""
"B","INT_DSA_TA2","Abhishek Chauhan","abhishek.25bcs10165@sst.scaler.com","9528347079","B","Nikshith Proddutoori","26bcs10348","nikshith.26bcs10348@sst.scaler.com","Tier-1","Tier-1 Academic (12th)","B","B","","","","","","","","","","","","",""
"B","INT_DSA_TA2","Abhishek Chauhan","abhishek.25bcs10165@sst.scaler.com","9528347079","B","Nikunj Narania","26bcs10352","nikunj.26bcs10352@sst.scaler.com","Tier-1","Tier-1 Academic (12th)","B","B","","","","","","","","","","","","",""
"B","INT_DSA_TA2","Abhishek Chauhan","abhishek.25bcs10165@sst.scaler.com","9528347079","B","Pari Gupta","26bcs10281","pari.26bcs10281@sst.scaler.com","Tier-2","Tier-2","B","B","","","","","","","","","","","","",""
"B","INT_DSA_TA2","Abhishek Chauhan","abhishek.25bcs10165@sst.scaler.com","9528347079","B","Reethish Ram Dinesh","26bcs10360","reethish.26bcs10360@sst.scaler.com","Tier-1","Tier-1 JEE","B","B","","","","","","","","","","","","",""
"B","INT_DSA_TA2","Abhishek Chauhan","abhishek.25bcs10165@sst.scaler.com","9528347079","B","Reyansh Kohli","26bcs10596","reyansh.26bcs10596@sst.scaler.com","Tier-1","Tier-1 BITSAT","B","B","","","","","","","","","","","","",""
"B","INT_DSA_TA2","Abhishek Chauhan","abhishek.25bcs10165@sst.scaler.com","9528347079","B","Rishin Jain","26bcs10058","rishin.26bcs10058@sst.scaler.com","Tier-3","Tier-3","B","B","","","","","","","","","","","","",""
"B","INT_DSA_TA2","Abhishek Chauhan","abhishek.25bcs10165@sst.scaler.com","9528347079","B","Riya Master","26bcs10337","riya.26bcs10337@sst.scaler.com","Tier-1","Tier-1 JEE + Acad (10th)","B","B","","","","","","","","","","","","",""
"B","INT_DSA_TA2","Abhishek Chauhan","abhishek.25bcs10165@sst.scaler.com","9528347079","B","Sanjiv Purohit","26bcs10406","sanjiv.26bcs10406@sst.scaler.com","Tier-1","Tier-1 JEE + Acad (10th)","B","B","","","","","","","","","","","","",""
"B","INT_DSA_TA2","Abhishek Chauhan","abhishek.25bcs10165@sst.scaler.com","9528347079","B","Shiva Mishra","26bcs10309","shiva.26bcs10309@sst.scaler.com","Tier-1","Tier-1 JEE","B","B","","","","","","","","","","","","",""
"B","INT_DSA_TA2","Abhishek Chauhan","abhishek.25bcs10165@sst.scaler.com","9528347079","B","Shubham .","26bcs10074","shubham.26bcs10074@sst.scaler.com","Tier-3","Tier-3","B","B","","","","","","","","","","","","",""
"B","INT_DSA_TA2","Abhishek Chauhan","abhishek.25bcs10165@sst.scaler.com","9528347079","B","Siddhanth Sharma","26bcs10300","siddhanth.26bcs10300@sst.scaler.com","Tier-1","Tier-1 JEE","B","B","","","","","","","","","","","","",""
"B","INT_DSA_TA2","Abhishek Chauhan","abhishek.25bcs10165@sst.scaler.com","9528347079","B","Sree Charith Reddy","26bcs10351","sree.26bcs10351@sst.scaler.com","Tier-1","Tier-1 JEE","B","B","","","","","","","","","","","","",""
"B","INT_DSA_TA2","Abhishek Chauhan","abhishek.25bcs10165@sst.scaler.com","9528347079","B","Vyshnav Nambiar","26bcs10402","vyshnav.26bcs10402@sst.scaler.com","Tier-2","Tier-2","B","B","","","","","","","","","","","","",""
"D","INT_DSA_TA15","Akhil Daitha","daitha.25bcs10156@sst.scaler.com","9700134579","A","Aayan Sambyal","26bcs10661","aayan.26bcs10661@sst.scaler.com","Tier-2","Tier-2 JEE","D","D","","","","","","","","","","","","",""
"D","INT_DSA_TA15","Akhil Daitha","daitha.25bcs10156@sst.scaler.com","9700134579","A","Aditya Kulkarni","26bcs10132","aditya.26bcs10132@sst.scaler.com","Tier-2","Tier-2","D","D","","","","","","","","","","","","",""
"D","INT_DSA_TA15","Akhil Daitha","daitha.25bcs10156@sst.scaler.com","9700134579","A","Amrit Sharma","26bcs10550","amrit.26bcs10550@sst.scaler.com","Tier-2","Tier-2","D","D","","","","","","","","","","","","",""
"D","INT_DSA_TA15","Akhil Daitha","daitha.25bcs10156@sst.scaler.com","9700134579","A","Anay Bapat","26bcs10116","anay.26bcs10116@sst.scaler.com","Tier-1","Tier-1 Academic (12th)","D","D","","","","","","","","","","","","",""
"D","INT_DSA_TA15","Akhil Daitha","daitha.25bcs10156@sst.scaler.com","9700134579","A","Arvin Arora","26bcs10707","arvin.26bcs10707@sst.scaler.com","Tier-1","Tier-1 Academic (12th)","D","D","","","","","","","","","","","","",""
"D","INT_DSA_TA15","Akhil Daitha","daitha.25bcs10156@sst.scaler.com","9700134579","A","Balwant Kumar","26bcs10613","balwant.26bcs10613@sst.scaler.com","Tier-1","Tier-1 JEE","D","D","","","","","","","","","","","","",""
"D","INT_DSA_TA15","Akhil Daitha","daitha.25bcs10156@sst.scaler.com","9700134579","A","Bhuvan M","26bcs10656","bhuvan.26bcs10656@sst.scaler.com","Tier-1","Tier-1 JEE + Acad (12th)","D","D","","","","","","","","","","","","",""
"D","INT_DSA_TA15","Akhil Daitha","daitha.25bcs10156@sst.scaler.com","9700134579","A","Bhuvisha Karnam","26bcs10683","bhuvisha.26bcs10683@sst.scaler.com","Tier-1","Tier-1 Academic (12th)","D","D","","","","","","","","","","","","",""
"D","INT_DSA_TA15","Akhil Daitha","daitha.25bcs10156@sst.scaler.com","9700134579","A","Gampa Shivaram","26bcs10697","gampa.26bcs10697@sst.scaler.com","Tier-1","Tier-1 JEE + Acad (12th)","D","D","","","","","","","","","","","","",""
"D","INT_DSA_TA15","Akhil Daitha","daitha.25bcs10156@sst.scaler.com","9700134579","A","Garv Mehta","26bcs10627","garv.26bcs10627@sst.scaler.com","Tier-2","Tier-2 JEE","D","D","","","","","","","","","","","","",""
"D","INT_DSA_TA15","Akhil Daitha","daitha.25bcs10156@sst.scaler.com","9700134579","A","Hasitha Yachamaneni","26bcs10429","hasitha.26bcs10429@sst.scaler.com","Tier-1","Tier-1 Academic (12th)","D","D","","","","","","","","","","","","",""
"D","INT_DSA_TA15","Akhil Daitha","daitha.25bcs10156@sst.scaler.com","9700134579","A","Hemadri","26bcs10253","hemadri.26bcs10253@sst.scaler.com","Tier-1","Tier-1 JEE + Acad (12th)","D","D","","","","","","","","","","","","",""
"D","INT_DSA_TA15","Akhil Daitha","daitha.25bcs10156@sst.scaler.com","9700134579","A","Kumar Sanu","26bcs10593","kumar.26bcs10593@sst.scaler.com","Tier-2","Tier-2 JEE","D","D","","","","","","","","","","","","",""
"D","INT_DSA_TA15","Akhil Daitha","daitha.25bcs10156@sst.scaler.com","9700134579","A","Lasya Priya Gangavaram","26bcs10687","lasya.26bcs10687@sst.scaler.com","Tier-1","Tier-1 Academic (12th)","D","D","","","","","","","","","","","","",""
"D","INT_DSA_TA15","Akhil Daitha","daitha.25bcs10156@sst.scaler.com","9700134579","A","Mahesh Sai Raghava Jonnalagadda","26bcs10700","mahesh.26bcs10700@sst.scaler.com","Tier-2","Tier-2","D","D","","","","","","","","","","","","",""
"D","INT_DSA_TA15","Akhil Daitha","daitha.25bcs10156@sst.scaler.com","9700134579","A","Mohammad Aszad Ahmed","26bcs10731","mohammad.26bcs10731@sst.scaler.com","Tier-2","Tier-2","D","D","","","","","","","","","","","","",""
"D","INT_DSA_TA15","Akhil Daitha","daitha.25bcs10156@sst.scaler.com","9700134579","A","Om Bhoir","26bcs10677","om.26bcs10677@sst.scaler.com","Tier-2","Tier-2 JEE","D","D","","","","","","","","","","","","",""
"D","INT_DSA_TA15","Akhil Daitha","daitha.25bcs10156@sst.scaler.com","9700134579","A","Om Jadhav","26bcs10715","om.26bcs10715@sst.scaler.com","Tier-3","Tier-3","D","D","","","","","","","","","","","","",""
"D","INT_DSA_TA15","Akhil Daitha","daitha.25bcs10156@sst.scaler.com","9700134579","A","Payanshi Jain","26bcs10646","payanshi.26bcs10646@sst.scaler.com","Tier-2","Tier-2","D","D","","","","","","","","","","","","",""
"D","INT_DSA_TA15","Akhil Daitha","daitha.25bcs10156@sst.scaler.com","9700134579","A","Pratik Pardeshi","26bcs10568","pratik.26bcs10568@sst.scaler.com","Tier-2","Tier-2","D","D","","","","","","","","","","","","",""
"D","INT_DSA_TA15","Akhil Daitha","daitha.25bcs10156@sst.scaler.com","9700134579","A","Priyanshu Singh Chauhan","26bcs10732","priyanshu.26bcs10732@sst.scaler.com","Tier-3","Tier-3","D","D","","","","","","","","","","","","",""
"D","INT_DSA_TA15","Akhil Daitha","daitha.25bcs10156@sst.scaler.com","9700134579","A","Puvvada Mayank","26bcs10585","puvvada.26bcs10585@sst.scaler.com","Tier-1","Tier-1 JEE","D","D","","","","","","","","","","","","",""
"D","INT_DSA_TA15","Akhil Daitha","daitha.25bcs10156@sst.scaler.com","9700134579","A","Sai Shailesh Sakinala","26bcs10663","sai.26bcs10663@sst.scaler.com","Tier-1","Tier-1 Academic (12th)","D","D","","","","","","","","","","","","",""
"D","INT_DSA_TA15","Akhil Daitha","daitha.25bcs10156@sst.scaler.com","9700134579","A","Saundarya Savant","26bcs10678","saundarya.26bcs10678@sst.scaler.com","Tier-3","Tier-3","D","D","","","","","","","","","","","","",""
"D","INT_DSA_TA15","Akhil Daitha","daitha.25bcs10156@sst.scaler.com","9700134579","A","Shivansh Gupta","26bcs10103","shivansh.26bcs10103@sst.scaler.com","Tier-1","Tier-1 Academic (12th)","D","D","","","","","","","","","","","","",""
"D","INT_DSA_TA15","Akhil Daitha","daitha.25bcs10156@sst.scaler.com","9700134579","A","Siddharth Kumar Soni","26bcs10728","siddharth.26bcs10728@sst.scaler.com","Tier-2","Tier-2","D","D","","","","","","","","","","","","",""
"D","INT_DSA_TA15","Akhil Daitha","daitha.25bcs10156@sst.scaler.com","9700134579","A","Sukruti Juvekar","26bcs10668","sukruti.26bcs10668@sst.scaler.com","Tier-3","Tier-3","D","D","","","","","","","","","","","","",""
"D","INT_DSA_TA15","Akhil Daitha","daitha.25bcs10156@sst.scaler.com","9700134579","A","Sumit Pandey","26bcs10637","sumit.26bcs10637@sst.scaler.com","Tier-2","Tier-2","D","D","","","","","","","","","","","","",""
"D","INT_DSA_TA15","Akhil Daitha","daitha.25bcs10156@sst.scaler.com","9700134579","A","Tanmay Chavan","26bcs10749","tanmay.26bcs10749@sst.scaler.com","Tier-3","Tier-3","D","D","","","","","","","","","","","","",""
"D","INT_DSA_TA15","Akhil Daitha","daitha.25bcs10156@sst.scaler.com","9700134579","A","Vishwaprasaath M","26bcs10737","vishwaprasaath.26bcs10737@sst.scaler.com","Tier-1","Tier-1 JEE","D","D","","","","","","","","","","","","",""
"C","INT_DSA_TA19","Alok Bisoyi","alok.25bcs10005@sst.scaler.com","6371992803","C","Adapa Ramcharan Tej","26bcs10283","adapa.26bcs10283@sst.scaler.com","Tier-2","Tier-2 JEE","C","C","","","","","","","","","","","","",""
"C","INT_DSA_TA19","Alok Bisoyi","alok.25bcs10005@sst.scaler.com","6371992803","C","Aarth Patil","26bcs10494","aarth.26bcs10494@sst.scaler.com","Tier-3","Tier-3","C","C","","","","","","","","","","","","",""
"C","INT_DSA_TA19","Alok Bisoyi","alok.25bcs10005@sst.scaler.com","6371992803","C","Adapa Hariram Shankar","26bcs10435","adapa.26bcs10435@sst.scaler.com","Tier-1","Tier-1 JEE","C","C","","","","","","","","","","","","",""
"C","INT_DSA_TA19","Alok Bisoyi","alok.25bcs10005@sst.scaler.com","6371992803","C","Adith Aryan Buram Buram","26bcs10504","adith.26bcs10504@sst.scaler.com","Tier-2","Tier-2 JEE","C","C","","","","","","","","","","","","",""
"C","INT_DSA_TA19","Alok Bisoyi","alok.25bcs10005@sst.scaler.com","6371992803","C","Aditya Ladha Ladha","26bcs10114","aditya.26bcs10114@sst.scaler.com","Tier-1","Tier-1 JEE","C","C","","","","","","","","","","","","",""
"C","INT_DSA_TA19","Alok Bisoyi","alok.25bcs10005@sst.scaler.com","6371992803","C","Aniket Pajai","26bcs10541","aniket.26bcs10541@sst.scaler.com","Tier-2","Tier-2","C","C","","","","","","","","","","","","",""
"C","INT_DSA_TA19","Alok Bisoyi","alok.25bcs10005@sst.scaler.com","6371992803","C","Arnav Jaiswal","26bcs10383","arnav.26bcs10383@sst.scaler.com","Tier-1","Tier-1 Academic (12th)","C","C","","","","","","","","","","","","",""
"C","INT_DSA_TA19","Alok Bisoyi","alok.25bcs10005@sst.scaler.com","6371992803","C","Aryan Singh","26bcs10444","aryan.26bcs10444@sst.scaler.com","Tier-1","Tier-1 JEE","C","C","","","","","","","","","","","","",""
"C","INT_DSA_TA19","Alok Bisoyi","alok.25bcs10005@sst.scaler.com","6371992803","C","Ashirvad Srivastava Srivastava","26bcs10462","ashirvad.26bcs10462@sst.scaler.com","Tier-2","Tier-2","C","C","","","","","","","","","","","","",""
"C","INT_DSA_TA19","Alok Bisoyi","alok.25bcs10005@sst.scaler.com","6371992803","C","Athish R R","26bcs10046","athish.26bcs10046@sst.scaler.com","Tier-2","Tier-2","C","C","","","","","","","","","","","","",""
"C","INT_DSA_TA19","Alok Bisoyi","alok.25bcs10005@sst.scaler.com","6371992803","C","Bhavya Jain","26bcs10565","bhavya.26bcs10565@sst.scaler.com","Tier-1","Tier-1 Tech","C","C","","","","","","","","","","","","",""
"C","INT_DSA_TA19","Alok Bisoyi","alok.25bcs10005@sst.scaler.com","6371992803","C","Daksh Chauhan Chauhan","26bcs10152","daksh.26bcs10152@sst.scaler.com","Tier-2","Tier-2 JEE","C","C","","","","","","","","","","","","",""
"C","INT_DSA_TA19","Alok Bisoyi","alok.25bcs10005@sst.scaler.com","6371992803","C","Deepanshu","26bcs10180","deepanshu.26bcs10180@sst.scaler.com","Tier-1","Tier-1 JEE","C","C","","","","","","","","","","","","",""
"C","INT_DSA_TA19","Alok Bisoyi","alok.25bcs10005@sst.scaler.com","6371992803","C","Jasraj Chhabra","26bcs10428","jasraj.26bcs10428@sst.scaler.com","Tier-2","Tier-2","C","C","","","","","","","","","","","","",""
"C","INT_DSA_TA19","Alok Bisoyi","alok.25bcs10005@sst.scaler.com","6371992803","C","Khushal Sharma","26bcs10155","khushal.26bcs10155@sst.scaler.com","Tier-2","Tier-2","C","C","","","","","","","","","","","","",""
"C","INT_DSA_TA19","Alok Bisoyi","alok.25bcs10005@sst.scaler.com","6371992803","C","Krishna Atri","26bcs10127","krishna.26bcs10127@sst.scaler.com","Tier-2","Tier-2","C","C","","","","","","","","","","","","",""
"C","INT_DSA_TA19","Alok Bisoyi","alok.25bcs10005@sst.scaler.com","6371992803","C","Madhira Nanda Kishore Reddy","26bcs10478","madhira.26bcs10478@sst.scaler.com","Tier-1","Tier-1 JEE + Acad (12th)","C","C","","","","","","","","","","","","",""
"C","INT_DSA_TA19","Alok Bisoyi","alok.25bcs10005@sst.scaler.com","6371992803","C","Madireddy Vivekvardhan Reddy","26bcs10525","madireddy.26bcs10525@sst.scaler.com","Tier-1","Tier-1 Academic (12th)","C","C","","","","","","","","","","","","",""
"C","INT_DSA_TA19","Alok Bisoyi","alok.25bcs10005@sst.scaler.com","6371992803","C","Manas Agrawal","26bcs10621","manas.26bcs10621@sst.scaler.com","Tier-3","Tier-3","C","C","","","","","","","","","","","","",""
"C","INT_DSA_TA19","Alok Bisoyi","alok.25bcs10005@sst.scaler.com","6371992803","C","Mohammad Annan Siddiqui Siddiqui","26bcs10381","mohammad.26bcs10381@sst.scaler.com","Tier-2","Tier-2","C","C","","","","","","","","","","","","",""
"C","INT_DSA_TA19","Alok Bisoyi","alok.25bcs10005@sst.scaler.com","6371992803","C","Naman Mishra","26bcs10287","naman.26bcs10287@sst.scaler.com","Tier-3","Tier-3","C","C","","","","","","","","","","","","",""
"C","INT_DSA_TA19","Alok Bisoyi","alok.25bcs10005@sst.scaler.com","6371992803","C","Navya Agarwal","26bcs10043","navya.26bcs10043@sst.scaler.com","Tier-2","Tier-2 JEE","C","C","","","","","","","","","","","","",""
"C","INT_DSA_TA19","Alok Bisoyi","alok.25bcs10005@sst.scaler.com","6371992803","C","Pabbula Pranathi","26bcs10472","pabbula.26bcs10472@sst.scaler.com","Tier-1","Tier-1 JEE + Acad (12th)","C","C","","","","","","","","","","","","",""
"C","INT_DSA_TA19","Alok Bisoyi","alok.25bcs10005@sst.scaler.com","6371992803","C","Paramveer Singh","26bcs10530","paramveer.26bcs10530@sst.scaler.com","Tier-2","Tier-2 JEE","C","C","","","","","","","","","","","","",""
"C","INT_DSA_TA19","Alok Bisoyi","alok.25bcs10005@sst.scaler.com","6371992803","C","Parvaljeet Singh Sidhu","26bcs10545","parvaljeet.26bcs10545@sst.scaler.com","Tier-2","Tier-2 JEE","C","C","","","","","","","","","","","","",""
"C","INT_DSA_TA19","Alok Bisoyi","alok.25bcs10005@sst.scaler.com","6371992803","C","Prithvi Raj Singh","26bcs10562","prithvi.26bcs10562@sst.scaler.com","Tier-2","Tier-2 JEE","C","C","","","","","","","","","","","","",""
"C","INT_DSA_TA19","Alok Bisoyi","alok.25bcs10005@sst.scaler.com","6371992803","C","Sai Divesh Reddy Malakatalla","26bcs10475","sai.26bcs10475@sst.scaler.com","Tier-2","Tier-2","C","C","","","","","","","","","","","","",""
"C","INT_DSA_TA19","Alok Bisoyi","alok.25bcs10005@sst.scaler.com","6371992803","C","Sai Pragneshwar Amani Amani","26bcs10458","sai.26bcs10458@sst.scaler.com","Tier-1","Tier-1 Academic (12th)","C","C","","","","","","","","","","","","",""
"C","INT_DSA_TA19","Alok Bisoyi","alok.25bcs10005@sst.scaler.com","6371992803","C","Sanskruti Singh","26bcs10209","sanskruti.26bcs10209@sst.scaler.com","Tier-1","Tier-1 JEE + Acad (12th)","C","C","","","","","","","","","","","","",""
"C","INT_DSA_TA19","Alok Bisoyi","alok.25bcs10005@sst.scaler.com","6371992803","C","Shubh Mittal","26bcs10353","shubh.26bcs10353@sst.scaler.com","Tier-1","Tier-1 JEE + Acad (12th)","C","C","","","","","","","","","","","","",""
"C","INT_DSA_TA19","Alok Bisoyi","alok.25bcs10005@sst.scaler.com","6371992803","C","Siddhant Dubey","26bcs10516","siddhant.26bcs10516@sst.scaler.com","Tier-3","Tier-3","C","C","","","","","","","","","","","","",""
"C","INT_DSA_TA19","Alok Bisoyi","alok.25bcs10005@sst.scaler.com","6371992803","C","Tanmay Phuse","26bcs10630","tanmay.26bcs10630@sst.scaler.com","Tier-3","Tier-3","C","C","","","","","","","","","","","","",""
"C","INT_DSA_TA19","Alok Bisoyi","alok.25bcs10005@sst.scaler.com","6371992803","C","Tumati Jai Charan","26bcs10404","tumati.26bcs10404@sst.scaler.com","Tier-1","Tier-1 Academic (12th)","C","C","","","","","","","","","","","","",""
"C","INT_DSA_TA19","Alok Bisoyi","alok.25bcs10005@sst.scaler.com","6371992803","C","Varala Medhansh","26bcs10407","varala.26bcs10407@sst.scaler.com","Tier-2","Tier-2","C","C","","","","","","","","","","","","",""
"C","INT_DSA_TA19","Alok Bisoyi","alok.25bcs10005@sst.scaler.com","6371992803","C","Vinit Chauhan","26bcs10521","vinit.26bcs10521@sst.scaler.com","Tier-2","Tier-2 JEE","C","C","","","","","","","","","","","","",""
"C","INT_DSA_TA19","Alok Bisoyi","alok.25bcs10005@sst.scaler.com","6371992803","C","Yashas Gunderia","26bcs10197","yashas.26bcs10197@sst.scaler.com","Tier-1","Tier-1 Tech","C","C","","","","","","","","","","","","",""
"A","INT_DSA_TA10","Anmol Mahajan","anmol.25bcs10037@sst.scaler.com","9654519642","A","Aaditya Kaushik Sarabu","26bcs10463","aaditya.26bcs10463@sst.scaler.com","Tier-2","Tier-2","A","A","","","","","","","","","","","","",""
"A","INT_DSA_TA10","Anmol Mahajan","anmol.25bcs10037@sst.scaler.com","9654519642","A","Aarav Sai Ayyappan","26bcs10501","aarav.26bcs10501@sst.scaler.com","Tier-1","Tier-1 SAT","A","A","","","","","","","","","","","","",""
"A","INT_DSA_TA10","Anmol Mahajan","anmol.25bcs10037@sst.scaler.com","9654519642","A","Aarush Mehta","26bcs10317","aarush.26bcs10317@sst.scaler.com","Tier-2","Tier-2","A","A","","","","","","","","","","","","",""
"A","INT_DSA_TA10","Anmol Mahajan","anmol.25bcs10037@sst.scaler.com","9654519642","A","Aaryan Ghadge","26bcs10030","aaryan.26bcs10030@sst.scaler.com","Tier-2","Tier-2","A","A","","","","","","","","","","","","",""
"A","INT_DSA_TA10","Anmol Mahajan","anmol.25bcs10037@sst.scaler.com","9654519642","A","Akshan Kb","26bcs10229","akshan.26bcs10229@sst.scaler.com","Tier-3","Tier-3","A","A","","","","","","","","","","","","",""
"A","INT_DSA_TA10","Anmol Mahajan","anmol.25bcs10037@sst.scaler.com","9654519642","A","Annavarapu Dushyant","26bcs10060","annavarapu.26bcs10060@sst.scaler.com","Tier-1","Tier-1 Academic (12th)","A","A","","","","","","","","","","","","",""
"A","INT_DSA_TA10","Anmol Mahajan","anmol.25bcs10037@sst.scaler.com","9654519642","A","Arjun Dhakan","26bcs10055","arjun.26bcs10055@sst.scaler.com","Tier-2","Tier-2","A","A","","","","","","","","","","","","",""
"A","INT_DSA_TA10","Anmol Mahajan","anmol.25bcs10037@sst.scaler.com","9654519642","A","Aryan Kumar","26bcs10193","aryan.26bcs10193@sst.scaler.com","Tier-2","Tier-2 JEE","A","A","","","","","","","","","","","","",""
"A","INT_DSA_TA10","Anmol Mahajan","anmol.25bcs10037@sst.scaler.com","9654519642","A","Chinni Amarnadh","26bcs10282","chinni.26bcs10282@sst.scaler.com","Tier-1","Tier-1 JEE","A","A","","","","","","","","","","","","",""
"A","INT_DSA_TA10","Anmol Mahajan","anmol.25bcs10037@sst.scaler.com","9654519642","A","Chirag Kalra","26bcs10335","chirag.26bcs10335@sst.scaler.com","Tier-1","Tier-1 JEE","A","A","","","","","","","","","","","","",""
"A","INT_DSA_TA10","Anmol Mahajan","anmol.25bcs10037@sst.scaler.com","9654519642","A","Debojyoti Dhar","26bcs10220","debojyoti.26bcs10220@sst.scaler.com","Tier-1","Tier-1 Academic (10th)","A","A","","","","","","","","","","","","",""
"A","INT_DSA_TA10","Anmol Mahajan","anmol.25bcs10037@sst.scaler.com","9654519642","A","Devaansh Pathak","26bcs10212","devaansh.26bcs10212@sst.scaler.com","Tier-1","Tier-1 Tech","A","A","","","","","","","","","","","","",""
"A","INT_DSA_TA10","Anmol Mahajan","anmol.25bcs10037@sst.scaler.com","9654519642","A","Devansh Kanodia","26bcs10052","devansh.26bcs10052@sst.scaler.com","Tier-2","Tier-2","A","A","","","","","","","","","","","","",""
"A","INT_DSA_TA10","Anmol Mahajan","anmol.25bcs10037@sst.scaler.com","9654519642","A","Divyansh Kumar Yadav","26bcs10119","divyansh.26bcs10119@sst.scaler.com","Tier-1","Tier-1 Tech","A","A","","","","","","","","","","","","",""
"A","INT_DSA_TA10","Anmol Mahajan","anmol.25bcs10037@sst.scaler.com","9654519642","A","Gowtham Sai Yakkati","26bcs10139","gowtham.26bcs10139@sst.scaler.com","Tier-1","Tier-1 JEE + Acad (10th)","A","A","","","","","","","","","","","","",""
"A","INT_DSA_TA10","Anmol Mahajan","anmol.25bcs10037@sst.scaler.com","9654519642","A","Guru Raja","26bcs10094","guru.26bcs10094@sst.scaler.com","Tier-2","Tier-2","A","A","","","","","","","","","","","","",""
"A","INT_DSA_TA10","Anmol Mahajan","anmol.25bcs10037@sst.scaler.com","9654519642","A","Kishore Ramachandran","26bcs10025","kishore.26bcs10025@sst.scaler.com","Tier-1","Tier-1 SAT","A","A","","","","","","","","","","","","",""
"A","INT_DSA_TA10","Anmol Mahajan","anmol.25bcs10037@sst.scaler.com","9654519642","A","Krish Thakur","26bcs10196","krish.26bcs10196@sst.scaler.com","Tier-2","Tier-2","A","A","","","","","","","","","","","","",""
"A","INT_DSA_TA10","Anmol Mahajan","anmol.25bcs10037@sst.scaler.com","9654519642","A","Maanvik Lahoti","26bcs10170","maanvik.26bcs10170@sst.scaler.com","Tier-1","Tier-1 JEE + Acad (10th)","A","A","","","","","","","","","","","","",""
"A","INT_DSA_TA10","Anmol Mahajan","anmol.25bcs10037@sst.scaler.com","9654519642","A","Manish Yadav Manish Yadav","26bcs10237","manish.26bcs10237@sst.scaler.com","Tier-3","Tier-3","A","A","","","","","","","","","","","","",""
"A","INT_DSA_TA10","Anmol Mahajan","anmol.25bcs10037@sst.scaler.com","9654519642","A","Mannat Garg","26bcs10087","mannat.26bcs10087@sst.scaler.com","Tier-1","Tier-1 Academic (10th)","A","A","","","","","","","","","","","","",""
"A","INT_DSA_TA10","Anmol Mahajan","anmol.25bcs10037@sst.scaler.com","9654519642","A","Monisha Sree Sigireddi","26bcs10507","monisha.26bcs10507@sst.scaler.com","Tier-1","Tier-1 Academic (12th)","A","A","","","","","","","","","","","","",""
"A","INT_DSA_TA10","Anmol Mahajan","anmol.25bcs10037@sst.scaler.com","9654519642","A","Mudunuri Shreyas","26bcs10131","mudunuri.26bcs10131@sst.scaler.com","Tier-2","Tier-2 JEE","A","A","","","","","","","","","","","","",""
"A","INT_DSA_TA10","Anmol Mahajan","anmol.25bcs10037@sst.scaler.com","9654519642","A","Nishant Raj","26bcs10146","nishant.26bcs10146@sst.scaler.com","Tier-3","Tier-3","A","A","","","","","","","","","","","","",""
"A","INT_DSA_TA10","Anmol Mahajan","anmol.25bcs10037@sst.scaler.com","9654519642","A","Paarth Raotole","26bcs10529","paarth.26bcs10529@sst.scaler.com","Tier-2","Tier-2 JEE","A","A","","","","","","","","","","","","",""
"A","INT_DSA_TA10","Anmol Mahajan","anmol.25bcs10037@sst.scaler.com","9654519642","A","Parva Patel","26bcs10115","parva.26bcs10115@sst.scaler.com","Tier-2","Tier-2","A","A","","","","","","","","","","","","",""
"A","INT_DSA_TA10","Anmol Mahajan","anmol.25bcs10037@sst.scaler.com","9654519642","A","Prabhnoor Singh","26bcs10129","prabhnoor.26bcs10129@sst.scaler.com","Tier-3","Tier-3","A","A","","","","","","","","","","","","",""
"A","INT_DSA_TA10","Anmol Mahajan","anmol.25bcs10037@sst.scaler.com","9654519642","A","Pratyush Saoji","26bcs10241","pratyush.26bcs10241@sst.scaler.com","Tier-2","Tier-2","A","A","","","","","","","","","","","","",""
"A","INT_DSA_TA10","Anmol Mahajan","anmol.25bcs10037@sst.scaler.com","9654519642","A","Praveena S A","26bcs10105","praveena.26bcs10105@sst.scaler.com","Tier-2","Tier-2","A","A","","","","","","","","","","","","",""
"A","INT_DSA_TA10","Anmol Mahajan","anmol.25bcs10037@sst.scaler.com","9654519642","A","Purav Parashar","26bcs10258","purav.26bcs10258@sst.scaler.com","Tier-1","Tier-1 Tech","A","A","","","","","","","","","","","","",""
"A","INT_DSA_TA10","Anmol Mahajan","anmol.25bcs10037@sst.scaler.com","9654519642","A","Saanvi Mucha","26bcs10165","saanvi.26bcs10165@sst.scaler.com","Tier-2","Tier-2","A","A","","","","","","","","","","","","",""
"A","INT_DSA_TA10","Anmol Mahajan","anmol.25bcs10037@sst.scaler.com","9654519642","A","Shubh Mehta","26bcs10480","shubh.26bcs10480@sst.scaler.com","Tier-3","Tier-3","A","A","","","","","","","","","","","","",""
"A","INT_DSA_TA10","Anmol Mahajan","anmol.25bcs10037@sst.scaler.com","9654519642","A","Singanamala Lalitha Sahasra","26bcs10252","singanamala.26bcs10252@sst.scaler.com","Tier-1","Tier-1 Academic (10th)","A","A","","","","","","","","","","","","",""
"A","INT_DSA_TA10","Anmol Mahajan","anmol.25bcs10037@sst.scaler.com","9654519642","A","Srishanth Varma Datla","26bcs10173","srishanth.26bcs10173@sst.scaler.com","Tier-2","Tier-2","A","A","","","","","","","","","","","","",""
"A","INT_DSA_TA10","Anmol Mahajan","anmol.25bcs10037@sst.scaler.com","9654519642","A","Vedaanshu Yalamanchili","26bcs10566","vedaanshu.26bcs10566@sst.scaler.com","Tier-2","Tier-2","A","A","","","","","","","","","","","","",""
"A","INT_DSA_TA10","Anmol Mahajan","anmol.25bcs10037@sst.scaler.com","9654519642","A","Yahgenesh Gaddi","26bcs10113","yahgenesh.26bcs10113@sst.scaler.com","Tier-1","Tier-1 Tech","A","A","","","","","","","","","","","","",""
"D","INT_DSA_TA16","Jatan Trivedi","jatan.25bcs10137@sst.scaler.com","9372651722","B","Abhishek Pillai","26bcs10589","abhishek.26bcs10589@sst.scaler.com","Tier-2","Tier-2 JEE","D","D","","","","","","","","","","","","",""
"D","INT_DSA_TA16","Jatan Trivedi","jatan.25bcs10137@sst.scaler.com","9372651722","B","Anukrit Kumar","26bcs10722","anukrit.26bcs10722@sst.scaler.com","Tier-2","Tier-2 JEE","D","D","","","","","","","","","","","","",""
"D","INT_DSA_TA16","Jatan Trivedi","jatan.25bcs10137@sst.scaler.com","9372651722","B","Anvesha Dixit","26bcs10375","anvesha.26bcs10375@sst.scaler.com","Tier-1","Tier-1 Academic (12th)","D","D","","","","","","","","","","","","",""
"D","INT_DSA_TA16","Jatan Trivedi","jatan.25bcs10137@sst.scaler.com","9372651722","B","Charan Mallipeddi","26bcs10393","charan.26bcs10393@sst.scaler.com","Tier-2","Tier-2","D","D","","","","","","","","","","","","",""
"D","INT_DSA_TA16","Jatan Trivedi","jatan.25bcs10137@sst.scaler.com","9372651722","B","Devarakonda Jyothsna Mythili","26bcs10604","devarakonda.26bcs10604@sst.scaler.com","Tier-1","Tier-1 JEE + Acad (12th)","D","D","","","","","","","","","","","","",""
"D","INT_DSA_TA16","Jatan Trivedi","jatan.25bcs10137@sst.scaler.com","9372651722","B","Divyanshi Agrawal","26bcs10636","divyanshi.26bcs10636@sst.scaler.com","Tier-1","Tier-1 JEE + Acad (12th)","D","D","","","","","","","","","","","","",""
"D","INT_DSA_TA16","Jatan Trivedi","jatan.25bcs10137@sst.scaler.com","9372651722","B","Gottumukkala Sesha Sai","26bcs10669","gottumukkala.26bcs10669@sst.scaler.com","Tier-2","Tier-2","D","D","","","","","","","","","","","","",""
"D","INT_DSA_TA16","Jatan Trivedi","jatan.25bcs10137@sst.scaler.com","9372651722","B","Gourav Nirankari","26bcs10639","gourav.26bcs10639@sst.scaler.com","Tier-2","Tier-2 JEE","D","D","","","","","","","","","","","","",""
"D","INT_DSA_TA16","Jatan Trivedi","jatan.25bcs10137@sst.scaler.com","9372651722","B","Kole Jaya Sushma","26bcs10719","kole.26bcs10719@sst.scaler.com","Tier-1","Tier-1 Academic (12th)","D","D","","","","","","","","","","","","",""
"D","INT_DSA_TA16","Jatan Trivedi","jatan.25bcs10137@sst.scaler.com","9372651722","B","Krishna Agrawal","26bcs10537","krishna.26bcs10537@sst.scaler.com","Tier-1","Tier-1 JEE + Acad (12th)","D","D","","","","","","","","","","","","",""
"D","INT_DSA_TA16","Jatan Trivedi","jatan.25bcs10137@sst.scaler.com","9372651722","B","Likhit Reddy Keesari","26bcs10698","likhit.26bcs10698@sst.scaler.com","Tier-1","Tier-1 JEE + Acad (12th)","D","D","","","","","","","","","","","","",""
"D","INT_DSA_TA16","Jatan Trivedi","jatan.25bcs10137@sst.scaler.com","9372651722","B","Manish Chaudhari","26bcs10288","manish.26bcs10288@sst.scaler.com","Tier-2","Tier-2","D","D","","","","","","","","","","","","",""
"D","INT_DSA_TA16","Jatan Trivedi","jatan.25bcs10137@sst.scaler.com","9372651722","B","Nanda Bhargav Myneni","26bcs10692","nanda.26bcs10692@sst.scaler.com","Tier-1","Tier-1 JEE + Acad (12th)","D","D","","","","","","","","","","","","",""
"D","INT_DSA_TA16","Jatan Trivedi","jatan.25bcs10137@sst.scaler.com","9372651722","B","Nikhil Sai Reddy Milarapu","26bcs10733","nikhil.26bcs10733@sst.scaler.com","Tier-2","Tier-2","D","D","","","","","","","","","","","","",""
"D","INT_DSA_TA16","Jatan Trivedi","jatan.25bcs10137@sst.scaler.com","9372651722","B","Pavni Jain","26bcs10694","pavni.26bcs10694@sst.scaler.com","Tier-1","Tier-1 JEE + Acad (12th)","D","D","","","","","","","","","","","","",""
"D","INT_DSA_TA16","Jatan Trivedi","jatan.25bcs10137@sst.scaler.com","9372651722","B","Porika Varun Hemanth Nayak","26bcs10584","porika.26bcs10584@sst.scaler.com","Tier-2","Tier-2","D","D","","","","","","","","","","","","",""
"D","INT_DSA_TA16","Jatan Trivedi","jatan.25bcs10137@sst.scaler.com","9372651722","B","Prasham Jain","26bcs10594","prasham.26bcs10594@sst.scaler.com","Tier-2","Tier-2 JEE","D","D","","","","","","","","","","","","",""
"D","INT_DSA_TA16","Jatan Trivedi","jatan.25bcs10137@sst.scaler.com","9372651722","B","Pravallika Bavisetti","26bcs10652","pravallika.26bcs10652@sst.scaler.com","Tier-1","Tier-1 Academic (12th)","D","D","","","","","","","","","","","","",""
"D","INT_DSA_TA16","Jatan Trivedi","jatan.25bcs10137@sst.scaler.com","9372651722","B","Raghav Singh","26bcs10603","raghav.26bcs10603@sst.scaler.com","Tier-2","Tier-2","D","D","","","","","","","","","","","","",""
"D","INT_DSA_TA16","Jatan Trivedi","jatan.25bcs10137@sst.scaler.com","9372651722","B","Raghavarapu Issac Prakash Raj","26bcs10701","raghavarapu.26bcs10701@sst.scaler.com","Tier-2","Tier-2","D","D","","","","","","","","","","","","",""
"D","INT_DSA_TA16","Jatan Trivedi","jatan.25bcs10137@sst.scaler.com","9372651722","B","Ritwik Rana","26bcs10651","ritwik.26bcs10651@sst.scaler.com","Tier-2","Tier-2 JEE","D","D","","","","","","","","","","","","",""
"D","INT_DSA_TA16","Jatan Trivedi","jatan.25bcs10137@sst.scaler.com","9372651722","B","Rudranil Ghosh","26bcs10628","rudranil.26bcs10628@sst.scaler.com","Tier-2","Tier-2","D","D","","","","","","","","","","","","",""
"D","INT_DSA_TA16","Jatan Trivedi","jatan.25bcs10137@sst.scaler.com","9372651722","B","Rudransh Grover","26bcs10616","rudransh.26bcs10616@sst.scaler.com","Tier-1","Tier-1 Academic (12th)","D","D","","","","","","","","","","","","",""
"D","INT_DSA_TA16","Jatan Trivedi","jatan.25bcs10137@sst.scaler.com","9372651722","B","Shreyas Potlacheruvu","26bcs10657","shreyas.26bcs10657@sst.scaler.com","Tier-1","Tier-1 JEE + Acad (12th)","D","D","","","","","","","","","","","","",""
"D","INT_DSA_TA16","Jatan Trivedi","jatan.25bcs10137@sst.scaler.com","9372651722","B","Teerthraj Singh","26bcs10474","teerthraj.26bcs10474@sst.scaler.com","Tier-1","Tier-1 JEE","D","D","","","","","","","","","","","","",""
"D","INT_DSA_TA16","Jatan Trivedi","jatan.25bcs10137@sst.scaler.com","9372651722","B","Veerapogu Ramesh","26bcs10741","veerapogu.26bcs10741@sst.scaler.com","Tier-3","Tier-3","D","D","","","","","","","","","","","","",""
"D","INT_DSA_TA16","Jatan Trivedi","jatan.25bcs10137@sst.scaler.com","9372651722","B","Yajas Malhotra","26bcs10713","yajas.26bcs10713@sst.scaler.com","Tier-2","Tier-2","D","D","","","","","","","","","","","","",""
"D","INT_DSA_TA16","Jatan Trivedi","jatan.25bcs10137@sst.scaler.com","9372651722","B","Utsav Nandaniya","","utsav.26bcs10766@sst.scaler.com","","","D","D","","","","","","","","","","","","",""
"D","INT_DSA_TA16","Jatan Trivedi","jatan.25bcs10137@sst.scaler.com","9372651722","B","Pranav Jamale","","pranav.26bcs10773@sst.scaler.com","","","D","D","","","","","","","","","","","","",""
"D","INT_DSA_TA16","Jatan Trivedi","jatan.25bcs10137@sst.scaler.com","9372651722","B","Yash Bhujade","26bcs10716","yash.26bcs10716@sst.scaler.com","Tier-3","Tier-3","D","D","","","","","","","","","","","","",""
"B","INT_DSA_TA5","Hitesh Sinha","hitesh.25bcs10232@sst.scaler.com","7979093396","B","Aakarsh Wahi","26bcs10326","aakarsh.26bcs10326@sst.scaler.com","Tier-2","Tier-2","B","B","","","","","","","","","","","","",""
"B","INT_DSA_TA5","Hitesh Sinha","hitesh.25bcs10232@sst.scaler.com","7979093396","B","Ankit Kumar Kumar","26bcs10185","ankit.26bcs10185@sst.scaler.com","Tier-3","Tier-3","B","B","","","","","","","","","","","","",""
"B","INT_DSA_TA5","Hitesh Sinha","hitesh.25bcs10232@sst.scaler.com","7979093396","B","Anukriti Goyal","26bcs10354","anukriti.26bcs10354@sst.scaler.com","Tier-2","Tier-2 JEE","B","B","","","","","","","","","","","","",""
"B","INT_DSA_TA5","Hitesh Sinha","hitesh.25bcs10232@sst.scaler.com","7979093396","B","Arpita Swain","26bcs10369","arpita.26bcs10369@sst.scaler.com","Tier-1","Tier-1 Academic (12th)","B","B","","","","","","","","","","","","",""
"B","INT_DSA_TA5","Hitesh Sinha","hitesh.25bcs10232@sst.scaler.com","7979093396","B","Aryan Deshmukh","26bcs10373","aryan.26bcs10373@sst.scaler.com","Tier-2","Tier-2 JEE","B","B","","","","","","","","","","","","",""
"B","INT_DSA_TA5","Hitesh Sinha","hitesh.25bcs10232@sst.scaler.com","7979093396","B","Avyukt Tayal","26bcs10513","avyukt.26bcs10513@sst.scaler.com","Tier-2","Tier-2 JEE","B","B","","","","","","","","","","","","",""
"B","INT_DSA_TA5","Hitesh Sinha","hitesh.25bcs10232@sst.scaler.com","7979093396","B","Daksh Kamboj","26bcs10150","daksh.26bcs10150@sst.scaler.com","Tier-2","Tier-2","B","B","","","","","","","","","","","","",""
"B","INT_DSA_TA5","Hitesh Sinha","hitesh.25bcs10232@sst.scaler.com","7979093396","B","Dharm Jigneshkumar Patel","26bcs10249","dharm.26bcs10249@sst.scaler.com","Tier-3","Tier-3","B","B","","","","","","","","","","","","",""
"B","INT_DSA_TA5","Hitesh Sinha","hitesh.25bcs10232@sst.scaler.com","7979093396","B","Dhruv Bhanushali","26bcs10426","dhruv.26bcs10426@sst.scaler.com","Tier-3","Tier-3","B","B","","","","","","","","","","","","",""
"B","INT_DSA_TA5","Hitesh Sinha","hitesh.25bcs10232@sst.scaler.com","7979093396","B","Dhruv Jivrajani","26bcs10145","dhruv.26bcs10145@sst.scaler.com","Tier-1","Tier-1 JEE + Acad (10th)","B","B","","","","","","","","","","","","",""
"B","INT_DSA_TA5","Hitesh Sinha","hitesh.25bcs10232@sst.scaler.com","7979093396","B","Harshil Malik","26bcs10314","harshil.26bcs10314@sst.scaler.com","Tier-2","Tier-2","B","B","","","","","","","","","","","","",""
"B","INT_DSA_TA5","Hitesh Sinha","hitesh.25bcs10232@sst.scaler.com","7979093396","B","Jay Singh Sengar","26bcs10299","jay.26bcs10299@sst.scaler.com","Tier-1","Tier-1 JEE","B","B","","","","","","","","","","","","",""
"B","INT_DSA_TA5","Hitesh Sinha","hitesh.25bcs10232@sst.scaler.com","7979093396","B","Kapish Upadhyay","26bcs10397","kapish.26bcs10397@sst.scaler.com","Tier-2","Tier-2 JEE","B","B","","","","","","","","","","","","",""
"B","INT_DSA_TA5","Hitesh Sinha","hitesh.25bcs10232@sst.scaler.com","7979093396","B","Kushagra Verma","26bcs10206","kushagra.26bcs10206@sst.scaler.com","Tier-1","Tier-1 JEE","B","B","","","","","","","","","","","","",""
"B","INT_DSA_TA5","Hitesh Sinha","hitesh.25bcs10232@sst.scaler.com","7979093396","B","Lucky Raj Puri","26bcs10561","lucky.26bcs10561@sst.scaler.com","Tier-2","Tier-2","B","B","","","","","","","","","","","","",""
"B","INT_DSA_TA5","Hitesh Sinha","hitesh.25bcs10232@sst.scaler.com","7979093396","B","M Rishith Reddy","26bcs10358","rishith.26bcs10358@sst.scaler.com","Tier-1","Tier-1 JEE + Acad (12th)","B","B","","","","","","","","","","","","",""
"B","INT_DSA_TA5","Hitesh Sinha","hitesh.25bcs10232@sst.scaler.com","7979093396","B","Maneesh Puppala","26bcs10027","maneesh.26bcs10027@sst.scaler.com","Tier-2","Tier-2","B","B","","","","","","","","","","","","",""
"B","INT_DSA_TA5","Hitesh Sinha","hitesh.25bcs10232@sst.scaler.com","7979093396","B","Md Suleiman Ali Ahmed","26bcs10057","suleiman.26bcs10057@sst.scaler.com","Tier-2","Tier-2","B","B","","","","","","","","","","","","",""
"B","INT_DSA_TA5","Hitesh Sinha","hitesh.25bcs10232@sst.scaler.com","7979093396","B","Misri Vaidya","26bcs10488","misri.26bcs10488@sst.scaler.com","Tier-1","Tier-1 JEE + Acad (10th)","B","B","","","","","","","","","","","","",""
"B","INT_DSA_TA5","Hitesh Sinha","hitesh.25bcs10232@sst.scaler.com","7979093396","B","Mohammed Abdul Rahman","26bcs10363","mohammed.26bcs10363@sst.scaler.com","Tier-1","Tier-1 Academic (12th)","B","B","","","","","","","","","","","","",""
"B","INT_DSA_TA5","Hitesh Sinha","hitesh.25bcs10232@sst.scaler.com","7979093396","B","Naman Agarwal","26bcs10305","naman.26bcs10305@sst.scaler.com","Tier-2","Tier-2 JEE","B","B","","","","","","","","","","","","",""
"B","INT_DSA_TA5","Hitesh Sinha","hitesh.25bcs10232@sst.scaler.com","7979093396","B","Naman Vaths","26bcs10511","naman.26bcs10511@sst.scaler.com","Tier-2","Tier-2 JEE","B","B","","","","","","","","","","","","",""
"B","INT_DSA_TA5","Hitesh Sinha","hitesh.25bcs10232@sst.scaler.com","7979093396","B","Prakash Urf Sarthak Ravi Gulbhile","26bcs10329","prakash.26bcs10329@sst.scaler.com","Tier-1","Tier-1 Academic (12th)","B","B","","","","","","","","","","","","",""
"B","INT_DSA_TA5","Hitesh Sinha","hitesh.25bcs10232@sst.scaler.com","7979093396","B","Samarth Agarwal","26bcs10072","samarth.26bcs10072@sst.scaler.com","Tier-2","Tier-2","B","B","","","","","","","","","","","","",""
"B","INT_DSA_TA5","Hitesh Sinha","hitesh.25bcs10232@sst.scaler.com","7979093396","B","Sambhav Shukla","26bcs10416","sambhav.26bcs10416@sst.scaler.com","Tier-3","Tier-3","B","B","","","","","","","","","","","","",""
"B","INT_DSA_TA5","Hitesh Sinha","hitesh.25bcs10232@sst.scaler.com","7979093396","B","Shaurya Agrawal","26bcs10312","shaurya.26bcs10312@sst.scaler.com","Tier-2","Tier-2 JEE","B","B","","","","","","","","","","","","",""
"B","INT_DSA_TA5","Hitesh Sinha","hitesh.25bcs10232@sst.scaler.com","7979093396","B","Shaurya Muvva","26bcs10320","shaurya.26bcs10320@sst.scaler.com","Tier-2","Tier-2","B","B","","","","","","","","","","","","",""
"B","INT_DSA_TA5","Hitesh Sinha","hitesh.25bcs10232@sst.scaler.com","7979093396","B","Shubham Thakur","26bcs10576","shubham.26bcs10576@sst.scaler.com","Tier-1","Tier-1 JEE + Acad (10th)","B","B","","","","","","","","","","","","",""
"B","INT_DSA_TA5","Hitesh Sinha","hitesh.25bcs10232@sst.scaler.com","7979093396","B","Smit Rathod","26bcs10376","smit.26bcs10376@sst.scaler.com","Tier-1","Tier-1 JEE + Acad (10th)","B","B","","","","","","","","","","","","",""
"B","INT_DSA_TA5","Hitesh Sinha","hitesh.25bcs10232@sst.scaler.com","7979093396","B","Sparsh Upadhyay","26bcs10528","sparsh.26bcs10528@sst.scaler.com","Tier-1","Tier-1 JEE","B","B","","","","","","","","","","","","",""
"B","INT_DSA_TA5","Hitesh Sinha","hitesh.25bcs10232@sst.scaler.com","7979093396","B","Tejas Patil","26bcs10350","tejas.26bcs10350@sst.scaler.com","Tier-1","Tier-1 JEE + Acad (12th)","B","B","","","","","","","","","","","","",""
"B","INT_DSA_TA5","Hitesh Sinha","hitesh.25bcs10232@sst.scaler.com","7979093396","B","Thumu Karthikeyan","26bcs10359","thumu.26bcs10359@sst.scaler.com","Tier-2","Tier-2 JEE","B","B","","","","","","","","","","","","",""
"B","INT_DSA_TA5","Hitesh Sinha","hitesh.25bcs10232@sst.scaler.com","7979093396","B","Uday Inder Singh Dhillon","26bcs10332","uday.26bcs10332@sst.scaler.com","Tier-1","Tier-1 JEE + Acad (10th)","B","B","","","","","","","","","","","","",""
"B","INT_DSA_TA5","Hitesh Sinha","hitesh.25bcs10232@sst.scaler.com","7979093396","B","Utsav Gautam","26bcs10380","utsav.26bcs10380@sst.scaler.com","Tier-2","Tier-2","B","B","","","","","","","","","","","","",""
"B","INT_DSA_TA5","Hitesh Sinha","hitesh.25bcs10232@sst.scaler.com","7979093396","B","Yagyanshi Mishra","26bcs10069","yagyanshi.26bcs10069@sst.scaler.com","Tier-1","Tier-1 Academic (12th)","B","B","","","","","","","","","","","","",""
"B","INT_DSA_TA5","Hitesh Sinha","hitesh.25bcs10232@sst.scaler.com","7979093396","B","Puchakayala Mahidhar Reddy","puchakayala.26bcs10763@sst.scaler.com","puchakayala.26bcs10763@sst.scaler.com","","","B","B","","","","","","","","","","","","",""
"C","INT_DSA_TA1","Diya Bhadane","diya.25bcs10313@sst.scaler.com","9307185571","C","Aaryansh Patel","26bcs10484","aaryansh.26bcs10484@sst.scaler.com","Tier-1","Tier-1 Academic (12th)","C","C","","","","","","","","","","","","",""
"C","INT_DSA_TA1","Diya Bhadane","diya.25bcs10313@sst.scaler.com","9307185571","C","Aditya Mohite Mohite","26bcs10438","aditya.26bcs10438@sst.scaler.com","Tier-1","Tier-1 JEE","C","C","","","","","","","","","","","","",""
"C","INT_DSA_TA1","Diya Bhadane","diya.25bcs10313@sst.scaler.com","9307185571","C","Aditya Shaw","26bcs10424","aditya.26bcs10424@sst.scaler.com","Tier-2","Tier-2","C","C","","","","","","","","","","","","",""
"C","INT_DSA_TA1","Diya Bhadane","diya.25bcs10313@sst.scaler.com","9307185571","C","Ashuvardhan Parsha","26bcs10477","ashuvardhan.26bcs10477@sst.scaler.com","Tier-1","Tier-1 Academic (12th)","C","C","","","","","","","","","","","","",""
"C","INT_DSA_TA1","Diya Bhadane","diya.25bcs10313@sst.scaler.com","9307185571","C","Chinmay Puppireddy Puppireddy","26bcs10460","chinmay.26bcs10460@sst.scaler.com","Tier-1","Tier-1 JEE","C","C","","","","","","","","","","","","",""
"C","INT_DSA_TA1","Diya Bhadane","diya.25bcs10313@sst.scaler.com","9307185571","C","Govardhan Reddy Reddy","26bcs10036","govardhan.26bcs10036@sst.scaler.com","Tier-1","Tier-1 JEE","C","C","","","","","","","","","","","","",""
"C","INT_DSA_TA1","Diya Bhadane","diya.25bcs10313@sst.scaler.com","9307185571","C","Harsh Kumar","26bcs10100","harsh.26bcs10100@sst.scaler.com","Tier-2","Tier-2","C","C","","","","","","","","","","","","",""
"C","INT_DSA_TA1","Diya Bhadane","diya.25bcs10313@sst.scaler.com","9307185571","C","Harshit Singh","26bcs10205","harshit.26bcs10205@sst.scaler.com","Tier-2","Tier-2","C","C","","","","","","","","","","","","",""
"C","INT_DSA_TA1","Diya Bhadane","diya.25bcs10313@sst.scaler.com","9307185571","C","Janani S","26bcs10409","janani.26bcs10409@sst.scaler.com","Tier-1","Tier-1 Academic (12th)","C","C","","","","","","","","","","","","",""
"C","INT_DSA_TA1","Diya Bhadane","diya.25bcs10313@sst.scaler.com","9307185571","C","Jeet Zanvar","26bcs10041","jeet.26bcs10041@sst.scaler.com","Tier-3","Tier-3","C","C","","","","","","","","","","","","",""
"C","INT_DSA_TA1","Diya Bhadane","diya.25bcs10313@sst.scaler.com","9307185571","C","Kesa Fatma Haidar","26bcs10427","kesa.26bcs10427@sst.scaler.com","Tier-3","Tier-3","C","C","","","","","","","","","","","","",""
"C","INT_DSA_TA1","Diya Bhadane","diya.25bcs10313@sst.scaler.com","9307185571","C","Manish Singh Singh","26bcs10251","manish.26bcs10251@sst.scaler.com","Tier-1","Tier-1 JEE + Acad (12th)","C","C","","","","","","","","","","","","",""
"C","INT_DSA_TA1","Diya Bhadane","diya.25bcs10313@sst.scaler.com","9307185571","C","Mannat Patel Patel","26bcs10451","mannat.26bcs10451@sst.scaler.com","Tier-2","Tier-2","C","C","","","","","","","","","","","","",""
"C","INT_DSA_TA1","Diya Bhadane","diya.25bcs10313@sst.scaler.com","9307185571","C","Mehank Chopde","26bcs10213","mehank.26bcs10213@sst.scaler.com","Tier-1","Tier-1 JEE + Acad (10th)","C","C","","","","","","","","","","","","",""
"C","INT_DSA_TA1","Diya Bhadane","diya.25bcs10313@sst.scaler.com","9307185571","C","Moun Patel","26bcs10248","moun.26bcs10248@sst.scaler.com","Tier-2","Tier-2","C","C","","","","","","","","","","","","",""
"C","INT_DSA_TA1","Diya Bhadane","diya.25bcs10313@sst.scaler.com","9307185571","C","P Sri Vaishnav P Sri Vaishnav P Sri Vaishnav","26bcs10412","sri.26bcs10412@sst.scaler.com","Tier-2","Tier-2","C","C","","","","","","","","","","","","",""
"C","INT_DSA_TA1","Diya Bhadane","diya.25bcs10313@sst.scaler.com","9307185571","C","Parth Sankhla","26bcs10157","parth.26bcs10157@sst.scaler.com","Tier-2","Tier-2","C","C","","","","","","","","","","","","",""
"C","INT_DSA_TA1","Diya Bhadane","diya.25bcs10313@sst.scaler.com","9307185571","C","Pradeep Dasari","26bcs10347","pradeep.26bcs10347@sst.scaler.com","Tier-1","Tier-1 JEE + Acad (10th)","C","C","","","","","","","","","","","","",""
"C","INT_DSA_TA1","Diya Bhadane","diya.25bcs10313@sst.scaler.com","9307185571","C","S P Praneeta","26bcs10228","praneeta.26bcs10228@sst.scaler.com","Tier-2","Tier-2","C","C","","","","","","","","","","","","",""
"C","INT_DSA_TA1","Diya Bhadane","diya.25bcs10313@sst.scaler.com","9307185571","C","Sadvi Gunreddy Gunreddy","26bcs10445","sadvi.26bcs10445@sst.scaler.com","Tier-1","Tier-1 JEE","C","C","","","","","","","","","","","","",""
"C","INT_DSA_TA1","Diya Bhadane","diya.25bcs10313@sst.scaler.com","9307185571","C","Samaksh Budhia","26bcs10418","samaksh.26bcs10418@sst.scaler.com","Tier-2","Tier-2","C","C","","","","","","","","","","","","",""
"C","INT_DSA_TA1","Diya Bhadane","diya.25bcs10313@sst.scaler.com","9307185571","C","Sarthak Jain","26bcs10244","sarthak.26bcs10244@sst.scaler.com","Tier-3","Tier-3","C","C","","","","","","","","","","","","",""
"C","INT_DSA_TA1","Diya Bhadane","diya.25bcs10313@sst.scaler.com","9307185571","C","Satya Mukhesh Aravind Balla Balla","26bcs10121","satya.26bcs10121@sst.scaler.com","Tier-2","Tier-2","C","C","","","","","","","","","","","","",""
"C","INT_DSA_TA1","Diya Bhadane","diya.25bcs10313@sst.scaler.com","9307185571","C","Shiwang Gupta","26bcs10648","shiwang.26bcs10648@sst.scaler.com","Tier-3","Tier-3","C","C","","","","","","","","","","","","",""
"C","INT_DSA_TA1","Diya Bhadane","diya.25bcs10313@sst.scaler.com","9307185571","C","Shoreay Kasana Kasana","26bcs10436","shoreay.26bcs10436@sst.scaler.com","Tier-1","Tier-1 JEE","C","C","","","","","","","","","","","","",""
"C","INT_DSA_TA1","Diya Bhadane","diya.25bcs10313@sst.scaler.com","9307185571","C","Shubh Soni","26bcs10318","shubh.26bcs10318@sst.scaler.com","Tier-2","Tier-2","C","C","","","","","","","","","","","","",""
"C","INT_DSA_TA1","Diya Bhadane","diya.25bcs10313@sst.scaler.com","9307185571","C","Sourish Bajaj","26bcs10227","sourish.26bcs10227@sst.scaler.com","Tier-2","Tier-2","C","C","","","","","","","","","","","","",""
"C","INT_DSA_TA1","Diya Bhadane","diya.25bcs10313@sst.scaler.com","9307185571","C","Sumit Kumar Songara","26bcs10217","sumit.26bcs10217@sst.scaler.com","Tier-2","Tier-2","C","C","","","","","","","","","","","","",""
"C","INT_DSA_TA1","Diya Bhadane","diya.25bcs10313@sst.scaler.com","9307185571","C","Swayam Kukreja Kukreja","26bcs10485","swayam.26bcs10485@sst.scaler.com","Tier-2","Tier-2 JEE","C","C","","","","","","","","","","","","",""
"C","INT_DSA_TA1","Diya Bhadane","diya.25bcs10313@sst.scaler.com","9307185571","C","Tanishq Dubey","26bcs10611","tanishq.26bcs10611@sst.scaler.com","Tier-3","Tier-3","C","C","","","","","","","","","","","","",""
"C","INT_DSA_TA1","Diya Bhadane","diya.25bcs10313@sst.scaler.com","9307185571","C","Tanmay Puri Puri","26bcs10479","tanmay.26bcs10479@sst.scaler.com","Tier-1","Tier-1 JEE","C","C","","","","","","","","","","","","",""
"C","INT_DSA_TA1","Diya Bhadane","diya.25bcs10313@sst.scaler.com","9307185571","C","V. Jashwanth Chary","26bcs10454","jashwanth.26bcs10454@sst.scaler.com","Tier-1","Tier-1 Academic (12th)","C","C","","","","","","","","","","","","",""
"C","INT_DSA_TA1","Diya Bhadane","diya.25bcs10313@sst.scaler.com","9307185571","C","Varad Narkhede Narkhede","26bcs10434","varad.26bcs10434@sst.scaler.com","Tier-2","Tier-2","C","C","","","","","","","","","","","","",""
"C","INT_DSA_TA1","Diya Bhadane","diya.25bcs10313@sst.scaler.com","9307185571","C","Vibhor Srivastava","26bcs10239","vibhor.26bcs10239@sst.scaler.com","Tier-3","Tier-3","C","C","","","","","","","","","","","","",""
"C","INT_DSA_TA1","Diya Bhadane","diya.25bcs10313@sst.scaler.com","9307185571","C","Vishnu Tiwari","26bcs10536","vishnu.26bcs10536@sst.scaler.com","Tier-2","Tier-2","C","C","","","","","","","","","","","","",""
"C","INT_DSA_TA1","Diya Bhadane","diya.25bcs10313@sst.scaler.com","9307185571","C","Yatharth Gupta","26bcs10125","yatharth.26bcs10125@sst.scaler.com","Tier-1","Tier-1 JEE","C","C","","","","","","","","","","","","",""
"A","INT_DSA_TA11","Kavya Shah","kavya.25bcs10125@sst.scaler.com","7861856429","A","Aditya Kaushik","26bcs10096","aditya.26bcs10096@sst.scaler.com","Tier-3","Tier-3","A","A","","","","","","","","","","","","",""
"A","INT_DSA_TA11","Kavya Shah","kavya.25bcs10125@sst.scaler.com","7861856429","A","Aditya Mehta","26bcs10211","aditya.26bcs10211@sst.scaler.com","Tier-1","Tier-1 JEE + Acad (10th)","A","A","","","","","","","","","","","","",""
"A","INT_DSA_TA11","Kavya Shah","kavya.25bcs10125@sst.scaler.com","7861856429","A","Akilesh Senthil Nathan","26bcs10496","akilesh.26bcs10496@sst.scaler.com","Tier-1","Tier-1 JEE","A","A","","","","","","","","","","","","",""
"A","INT_DSA_TA11","Kavya Shah","kavya.25bcs10125@sst.scaler.com","7861856429","A","Akshay Kambhampati","26bcs10524","akshay.26bcs10524@sst.scaler.com","Tier-2","Tier-2","A","A","","","","","","","","","","","","",""
"A","INT_DSA_TA11","Kavya Shah","kavya.25bcs10125@sst.scaler.com","7861856429","A","Ali Abbas","26bcs10294","ali.26bcs10294@sst.scaler.com","Tier-3","Tier-3","A","A","","","","","","","","","","","","",""
"A","INT_DSA_TA11","Kavya Shah","kavya.25bcs10125@sst.scaler.com","7861856429","A","Ansh Praveen Mauryan","26bcs10470","ansh.26bcs10470@sst.scaler.com","Tier-2","Tier-2","A","A","","","","","","","","","","","","",""
"A","INT_DSA_TA11","Kavya Shah","kavya.25bcs10125@sst.scaler.com","7861856429","A","Arjun Tiwari","26bcs10204","arjun.26bcs10204@sst.scaler.com","Tier-2","Tier-2","A","A","","","","","","","","","","","","",""
"A","INT_DSA_TA11","Kavya Shah","kavya.25bcs10125@sst.scaler.com","7861856429","A","Bedanta Chatterjee","26bcs10261","bedanta.26bcs10261@sst.scaler.com","Untiered","","A","A","","","","","","","","","","","","",""
"A","INT_DSA_TA11","Kavya Shah","kavya.25bcs10125@sst.scaler.com","7861856429","A","Gagan N","26bcs10219","gagan.26bcs10219@sst.scaler.com","Tier-2","Tier-2","A","A","","","","","","","","","","","","",""
"A","INT_DSA_TA11","Kavya Shah","kavya.25bcs10125@sst.scaler.com","7861856429","A","Gopavaram Ananya","26bcs10291","gopavaram.26bcs10291@sst.scaler.com","Tier-1","Tier-1 JEE + Acad (10th)","A","A","","","","","","","","","","","","",""
"A","INT_DSA_TA11","Kavya Shah","kavya.25bcs10125@sst.scaler.com","7861856429","A","Gurmeet Singh Rekhi","26bcs10126","gurmeet.26bcs10126@sst.scaler.com","Tier-2","Tier-2","A","A","","","","","","","","","","","","",""
"A","INT_DSA_TA11","Kavya Shah","kavya.25bcs10125@sst.scaler.com","7861856429","A","Gyatso Neesham","26bcs10038","gyatso.26bcs10038@sst.scaler.com","Tier-1","Tier-1 Tech","A","A","","","","","","","","","","","","",""
"A","INT_DSA_TA11","Kavya Shah","kavya.25bcs10125@sst.scaler.com","7861856429","A","Jiya Tater","26bcs10514","jiya.26bcs10514@sst.scaler.com","Tier-2","Tier-2","A","A","","","","","","","","","","","","",""
"A","INT_DSA_TA11","Kavya Shah","kavya.25bcs10125@sst.scaler.com","7861856429","A","Kanav Sharma","26bcs10104","kanav.26bcs10104@sst.scaler.com","Tier-1","Tier-1 JEE + Acad (10th)","A","A","","","","","","","","","","","","",""
"A","INT_DSA_TA11","Kavya Shah","kavya.25bcs10125@sst.scaler.com","7861856429","A","Mahaboob Basha Shaik","26bcs10015","mahaboob.26bcs10015@sst.scaler.com","Tier-1","Tier-1 Academic (12th)","A","A","","","","","","","","","","","","",""
"A","INT_DSA_TA11","Kavya Shah","kavya.25bcs10125@sst.scaler.com","7861856429","A","Mahaveer Upadhye","26bcs10515","mahaveer.26bcs10515@sst.scaler.com","Tier-3","Tier-3","A","A","","","","","","","","","","","","",""
"A","INT_DSA_TA11","Kavya Shah","kavya.25bcs10125@sst.scaler.com","7861856429","A","Mahavir Singh","26bcs10295","mahavir.26bcs10295@sst.scaler.com","Tier-1","Tier-1 JEE + Acad (10th)","A","A","","","","","","","","","","","","",""
"A","INT_DSA_TA11","Kavya Shah","kavya.25bcs10125@sst.scaler.com","7861856429","A","Mohammad Saubaan Bhat","26bcs10471","mohammad.26bcs10471@sst.scaler.com","Tier-1","Tier-1 Academic (12th)","A","A","","","","","","","","","","","","",""
"A","INT_DSA_TA11","Kavya Shah","kavya.25bcs10125@sst.scaler.com","7861856429","A","Muddada Ishanth","26bcs10040","muddada.26bcs10040@sst.scaler.com","Tier-1","Tier-1 Academic (10th)","A","A","","","","","","","","","","","","",""
"A","INT_DSA_TA11","Kavya Shah","kavya.25bcs10125@sst.scaler.com","7861856429","A","Nik Dominic K J","26bcs10200","nik.26bcs10200@sst.scaler.com","Tier-2","Tier-2","A","A","","","","","","","","","","","","",""
"A","INT_DSA_TA11","Kavya Shah","kavya.25bcs10125@sst.scaler.com","7861856429","A","Pranjal Agarwal","26bcs10387","pranjal.26bcs10387@sst.scaler.com","Tier-3","Tier-3","A","A","","","","","","","","","","","","",""
"A","INT_DSA_TA11","Kavya Shah","kavya.25bcs10125@sst.scaler.com","7861856429","A","Pratham Singh Shekhawat","26bcs10234","pratham.26bcs10234@sst.scaler.com","Tier-2","Tier-2","A","A","","","","","","","","","","","","",""
"A","INT_DSA_TA11","Kavya Shah","kavya.25bcs10125@sst.scaler.com","7861856429","A","Prithvi Singh","26bcs10178","prithvi.26bcs10178@sst.scaler.com","Tier-1","Tier-1 Academic (10th)","A","A","","","","","","","","","","","","",""
"A","INT_DSA_TA11","Kavya Shah","kavya.25bcs10125@sst.scaler.com","7861856429","A","Sagar G A","26bcs10221","sagar.26bcs10221@sst.scaler.com","Tier-1","Tier-1 JEE","A","A","","","","","","","","","","","","",""
"A","INT_DSA_TA11","Kavya Shah","kavya.25bcs10125@sst.scaler.com","7861856429","A","Sagnik Sengupta","26bcs10177","sagnik.26bcs10177@sst.scaler.com","Tier-2","Tier-2","A","A","","","","","","","","","","","","",""
"A","INT_DSA_TA11","Kavya Shah","kavya.25bcs10125@sst.scaler.com","7861856429","A","Sairaj Mahesh Aher","26bcs10268","sairaj.26bcs10268@sst.scaler.com","Tier-2","Tier-2","A","A","","","","","","","","","","","","",""
"A","INT_DSA_TA11","Kavya Shah","kavya.25bcs10125@sst.scaler.com","7861856429","A","Shivansh Dhanuka","26bcs10097","shivansh.26bcs10097@sst.scaler.com","Tier-2","Tier-2","A","A","","","","","","","","","","","","",""
"A","INT_DSA_TA11","Kavya Shah","kavya.25bcs10125@sst.scaler.com","7861856429","A","Shreyan Das","26bcs10151","shreyan.26bcs10151@sst.scaler.com","Tier-1","Tier-1 JEE + Acad (10th)","A","A","","","","","","","","","","","","",""
"A","INT_DSA_TA11","Kavya Shah","kavya.25bcs10125@sst.scaler.com","7861856429","A","Shreyansh Lahoti","26bcs10365","shreyansh.26bcs10365@sst.scaler.com","Tier-3","Tier-3","A","A","","","","","","","","","","","","",""
"A","INT_DSA_TA11","Kavya Shah","kavya.25bcs10125@sst.scaler.com","7861856429","A","Shreyas Juneja","26bcs10531","shreyas.26bcs10531@sst.scaler.com","Tier-2","Tier-2","A","A","","","","","","","","","","","","",""
"A","INT_DSA_TA11","Kavya Shah","kavya.25bcs10125@sst.scaler.com","7861856429","A","Shyam Ji Gupta","26bcs10255","shyam.26bcs10255@sst.scaler.com","Tier-2","Tier-2","A","A","","","","","","","","","","","","",""
"A","INT_DSA_TA11","Kavya Shah","kavya.25bcs10125@sst.scaler.com","7861856429","A","Sre Samanyu Knp","26bcs10579","sre.26bcs10579@sst.scaler.com","Tier-2","Tier-2","A","A","","","","","","","","","","","","",""
"A","INT_DSA_TA11","Kavya Shah","kavya.25bcs10125@sst.scaler.com","7861856429","A","Tejkaran Saini","26bcs10259","tejkaran.26bcs10259@sst.scaler.com","Tier-1","Tier-1 JEE","A","A","","","","","","","","","","","","",""
"A","INT_DSA_TA11","Kavya Shah","kavya.25bcs10125@sst.scaler.com","7861856429","A","Udit Singh","26bcs10034","udit.26bcs10034@sst.scaler.com","Tier-1","Tier-1 Academic (10th)","A","A","","","","","","","","","","","","",""
"A","INT_DSA_TA11","Kavya Shah","kavya.25bcs10125@sst.scaler.com","7861856429","A","Vihaan Arora","26bcs10275","vihaan.26bcs10275@sst.scaler.com","Tier-2","Tier-2","A","A","","","","","","","","","","","","",""
"A","INT_DSA_TA11","Kavya Shah","kavya.25bcs10125@sst.scaler.com","7861856429","A","Yash Parida","26bcs10109","yash.26bcs10109@sst.scaler.com","Tier-2","Tier-2 JEE","A","A","","","","","","","","","","","","",""
"B","INT_DSA_TA7","Kushal Kankarwal","kushal.25bcs10302@sst.scaler.com","8239922300","B","Aayush Chopra","26bcs10014","aayush.26bcs10014@sst.scaler.com","Tier-1","Tier-1 JEE","B","B","","","","","","","","","","","","",""
"B","INT_DSA_TA7","Kushal Kankarwal","kushal.25bcs10302@sst.scaler.com","8239922300","B","Aditya Bhandari","26bcs10182","aditya.26bcs10182@sst.scaler.com","Tier-2","Tier-2","B","B","","","","","","","","","","","","",""
"B","INT_DSA_TA7","Kushal Kankarwal","kushal.25bcs10302@sst.scaler.com","8239922300","B","Aditya Tripathi","26bcs10297","aditya.26bcs10297@sst.scaler.com","Tier-1","Tier-1 Tech","B","B","","","","","","","","","","","","",""
"B","INT_DSA_TA7","Kushal Kankarwal","kushal.25bcs10302@sst.scaler.com","8239922300","B","Ananta Sinha","26bcs10328","ananta.26bcs10328@sst.scaler.com","Tier-2","Tier-2","B","B","","","","","","","","","","","","",""
"B","INT_DSA_TA7","Kushal Kankarwal","kushal.25bcs10302@sst.scaler.com","8239922300","B","Aninda Das","26bcs10372","aninda.26bcs10372@sst.scaler.com","Tier-2","Tier-2 JEE","B","B","","","","","","","","","","","","",""
"B","INT_DSA_TA7","Kushal Kankarwal","kushal.25bcs10302@sst.scaler.com","8239922300","B","Archit Trivedi","26bcs10012","archit.26bcs10012@sst.scaler.com","Tier-2","Tier-2 JEE","B","B","","","","","","","","","","","","",""
"B","INT_DSA_TA7","Kushal Kankarwal","kushal.25bcs10302@sst.scaler.com","8239922300","B","Arin Malik","26bcs10124","arin.26bcs10124@sst.scaler.com","Tier-2","Tier-2","B","B","","","","","","","","","","","","",""
"B","INT_DSA_TA7","Kushal Kankarwal","kushal.25bcs10302@sst.scaler.com","8239922300","B","Arpit Jha","26bcs10023","arpit.26bcs10023@sst.scaler.com","Tier-2","Tier-2 JEE","B","B","","","","","","","","","","","","",""
"B","INT_DSA_TA7","Kushal Kankarwal","kushal.25bcs10302@sst.scaler.com","8239922300","B","Ayaan Jauhar","26bcs10356","ayaan.26bcs10356@sst.scaler.com","Tier-1","Tier-1 JEE + Acad (10th)","B","B","","","","","","","","","","","","",""
"B","INT_DSA_TA7","Kushal Kankarwal","kushal.25bcs10302@sst.scaler.com","8239922300","B","Chirayu L K","26bcs10390","chirayu.26bcs10390@sst.scaler.com","Tier-1","Tier-1 Academic (12th)","B","B","","","","","","","","","","","","",""
"B","INT_DSA_TA7","Kushal Kankarwal","kushal.25bcs10302@sst.scaler.com","8239922300","B","Dandu Sahith Abhinava Srikrishna Varma","26bcs10349","dandu.26bcs10349@sst.scaler.com","Tier-1","Tier-1 Academic (12th)","B","B","","","","","","","","","","","","",""
"B","INT_DSA_TA7","Kushal Kankarwal","kushal.25bcs10302@sst.scaler.com","8239922300","B","Ishaan Sinha","26bcs10233","ishaan.26bcs10233@sst.scaler.com","Tier-1","Tier-1 JEE + Acad (10th)","B","B","","","","","","","","","","","","",""
"B","INT_DSA_TA7","Kushal Kankarwal","kushal.25bcs10302@sst.scaler.com","8239922300","B","Mayank Manjeet Mahakul","26bcs10316","mayank.26bcs10316@sst.scaler.com","Tier-1","Tier-1 SAT","B","B","","","","","","","","","","","","",""
"B","INT_DSA_TA7","Kushal Kankarwal","kushal.25bcs10302@sst.scaler.com","8239922300","B","Md Tauqeer Junaid Akhtar","26bcs10159","tauqeer.26bcs10159@sst.scaler.com","Tier-2","Tier-2","B","B","","","","","","","","","","","","",""
"B","INT_DSA_TA7","Kushal Kankarwal","kushal.25bcs10302@sst.scaler.com","8239922300","B","Mohammed Qasim","26bcs10486","mohammed.26bcs10486@sst.scaler.com","Tier-3","Tier-3","B","B","","","","","","","","","","","","",""
"B","INT_DSA_TA7","Kushal Kankarwal","kushal.25bcs10302@sst.scaler.com","8239922300","B","Mukesh Karthik M","26bcs10215","mukesh.26bcs10215@sst.scaler.com","Tier-2","Tier-2","B","B","","","","","","","","","","","","",""
"B","INT_DSA_TA7","Kushal Kankarwal","kushal.25bcs10302@sst.scaler.com","8239922300","B","Nadimpalli Santhosh Varma","26bcs10361","nadimpalli.26bcs10361@sst.scaler.com","Tier-1","Tier-1 JEE","B","B","","","","","","","","","","","","",""
"B","INT_DSA_TA7","Kushal Kankarwal","kushal.25bcs10302@sst.scaler.com","8239922300","B","Narendra Godara","26bcs10595","narendra.26bcs10595@sst.scaler.com","Tier-3","Tier-3","B","B","","","","","","","","","","","","",""
"B","INT_DSA_TA7","Kushal Kankarwal","kushal.25bcs10302@sst.scaler.com","8239922300","B","Nihar Patel","26bcs10098","nihar.26bcs10098@sst.scaler.com","Tier-2","Tier-2","B","B","","","","","","","","","","","","",""
"B","INT_DSA_TA7","Kushal Kankarwal","kushal.25bcs10302@sst.scaler.com","8239922300","B","Nishant Ghorawat","26bcs10276","nishant.26bcs10276@sst.scaler.com","Tier-2","Tier-2","B","B","","","","","","","","","","","","",""
"B","INT_DSA_TA7","Kushal Kankarwal","kushal.25bcs10302@sst.scaler.com","8239922300","B","Nishant Iyer","26bcs10136","nishant.26bcs10136@sst.scaler.com","Tier-1","Tier-1 Tech","B","B","","","","","","","","","","","","",""
"B","INT_DSA_TA7","Kushal Kankarwal","kushal.25bcs10302@sst.scaler.com","8239922300","B","Pearl Sehgal","26bcs10164","pearl.26bcs10164@sst.scaler.com","Tier-2","Tier-2","B","B","","","","","","","","","","","","",""
"B","INT_DSA_TA7","Kushal Kankarwal","kushal.25bcs10302@sst.scaler.com","8239922300","B","Pulkit Mittal","26bcs10149","pulkit.26bcs10149@sst.scaler.com","Tier-1","Tier-1 JEE","B","B","","","","","","","","","","","","",""
"B","INT_DSA_TA7","Kushal Kankarwal","kushal.25bcs10302@sst.scaler.com","8239922300","B","Puranjay Krishan Sharma","26bcs10001","puranjay.26bcs10001@sst.scaler.com","Tier-2","Tier-2","B","B","","","","","","","","","","","","",""
"B","INT_DSA_TA7","Kushal Kankarwal","kushal.25bcs10302@sst.scaler.com","8239922300","B","Raktimjyoti Sarma","26bcs10303","raktimjyoti.26bcs10303@sst.scaler.com","Tier-2","Tier-2 JEE","B","B","","","","","","","","","","","","",""
"B","INT_DSA_TA7","Kushal Kankarwal","kushal.25bcs10302@sst.scaler.com","8239922300","B","Rithvik Kattinti Kattinti","26bcs10231","rithvik.26bcs10231@sst.scaler.com","Tier-3","Tier-3","B","B","","","","","","","","","","","","",""
"B","INT_DSA_TA7","Kushal Kankarwal","kushal.25bcs10302@sst.scaler.com","8239922300","B","Rudra Kaushik","26bcs10338","rudra.26bcs10338@sst.scaler.com","Tier-2","Tier-2","B","B","","","","","","","","","","","","",""
"B","INT_DSA_TA7","Kushal Kankarwal","kushal.25bcs10302@sst.scaler.com","8239922300","B","Sanjay Kajla","26bcs10355","sanjay.26bcs10355@sst.scaler.com","Tier-2","Tier-2 JEE","B","B","","","","","","","","","","","","",""
"B","INT_DSA_TA7","Kushal Kankarwal","kushal.25bcs10302@sst.scaler.com","8239922300","B","Sayali Jadhav","26bcs10558","sayali.26bcs10558@sst.scaler.com","Tier-1","Tier-1 JEE + Acad (10th)","B","B","","","","","","","","","","","","",""
"B","INT_DSA_TA7","Kushal Kankarwal","kushal.25bcs10302@sst.scaler.com","8239922300","B","Shikhar Pandey","26bcs10342","shikhar.26bcs10342@sst.scaler.com","Tier-1","Tier-1 JEE + Acad (12th)","B","B","","","","","","","","","","","","",""
"B","INT_DSA_TA7","Kushal Kankarwal","kushal.25bcs10302@sst.scaler.com","8239922300","B","Shreyans Bohora","26bcs10371","shreyans.26bcs10371@sst.scaler.com","Tier-1","Tier-1 JEE","B","B","","","","","","","","","","","","",""
"B","INT_DSA_TA7","Kushal Kankarwal","kushal.25bcs10302@sst.scaler.com","8239922300","B","Sourav Sourav","26bcs10198","sourav.26bcs10198@sst.scaler.com","Tier-1","Tier-1 JEE + Acad (12th)","B","B","","","","","","","","","","","","",""
"B","INT_DSA_TA7","Kushal Kankarwal","kushal.25bcs10302@sst.scaler.com","8239922300","B","Varun Korale","26bcs10091","varun.26bcs10091@sst.scaler.com","Tier-3","Tier-3","B","B","","","","","","","","","","","","",""
"B","INT_DSA_TA7","Kushal Kankarwal","kushal.25bcs10302@sst.scaler.com","8239922300","B","Vishitha Tadikamalla","26bcs10028","vishitha.26bcs10028@sst.scaler.com","Tier-3","Tier-3","B","B","","","","","","","","","","","","",""
"B","INT_DSA_TA7","Kushal Kankarwal","kushal.25bcs10302@sst.scaler.com","8239922300","B","Vritant Verma","26bcs10222","vritant.26bcs10222@sst.scaler.com","Tier-2","Tier-2 JEE","B","B","","","","","","","","","","","","",""
"B","INT_DSA_TA7","Kushal Kankarwal","kushal.25bcs10302@sst.scaler.com","8239922300","B","Vyom Singh","26bcs10073","vyom.26bcs10073@sst.scaler.com","Tier-2","Tier-2","B","B","","","","","","","","","","","","",""
"B","INT_DSA_TA7","Kushal Kankarwal","kushal.25bcs10302@sst.scaler.com","8239922300","B","Vipin Matlani","26bcs10552","vipin.26bcs10552@sst.scaler.com","Tier-3","Tier-3","B","B","","","","","","","","","","","","",""
"A","INT_DSA_TA3","Nithin Jagannathun","nithin.25bcs10413@sst.scaler.com","6309382435","A","Abhishek Singh","26bcs10135","abhishek.26bcs10135@sst.scaler.com","Tier-3","Tier-3","A","A","","","","","","","","","","","","",""
"A","INT_DSA_TA3","Nithin Jagannathun","nithin.25bcs10413@sst.scaler.com","6309382435","A","Akshara Singhal","26bcs10176","akshara.26bcs10176@sst.scaler.com","Tier-2","Tier-2","A","A","","","","","","","","","","","","",""
"A","INT_DSA_TA3","Nithin Jagannathun","nithin.25bcs10413@sst.scaler.com","6309382435","A","Arjeet Martha","26bcs10140","arjeet.26bcs10140@sst.scaler.com","Tier-2","Tier-2","A","A","","","","","","","","","","","","",""
"A","INT_DSA_TA3","Nithin Jagannathun","nithin.25bcs10413@sst.scaler.com","6309382435","A","Aryan","26bcs10086","aryan.26bcs10086@sst.scaler.com","Tier-2","Tier-2","A","A","","","","","","","","","","","","",""
"A","INT_DSA_TA3","Nithin Jagannathun","nithin.25bcs10413@sst.scaler.com","6309382435","A","Ayush Maurya","26bcs10273","ayush.26bcs10273@sst.scaler.com","Tier-1","Tier-1 Academic (10th)","A","A","","","","","","","","","","","","",""
"A","INT_DSA_TA3","Nithin Jagannathun","nithin.25bcs10413@sst.scaler.com","6309382435","A","Bhagyashree Sethia","26bcs10430","bhagyashree.26bcs10430@sst.scaler.com","Tier-2","Tier-2","A","A","","","","","","","","","","","","",""
"A","INT_DSA_TA3","Nithin Jagannathun","nithin.25bcs10413@sst.scaler.com","6309382435","A","Dasa Saikrishna","26bcs10243","dasa.26bcs10243@sst.scaler.com","Tier-2","Tier-2","A","A","","","","","","","","","","","","",""
"A","INT_DSA_TA3","Nithin Jagannathun","nithin.25bcs10413@sst.scaler.com","6309382435","A","Haasitha Javvaji","26bcs10761","haasitha.26bcs10761@sst.scaler.com","Untiered","","A","A","","","","","","","","","","","","",""
"A","INT_DSA_TA3","Nithin Jagannathun","nithin.25bcs10413@sst.scaler.com","6309382435","A","Hansitha Udata","26bcs10066","hansitha.26bcs10066@sst.scaler.com","Tier-1","Tier-1 Academic (10th)","A","A","","","","","","","","","","","","",""
"A","INT_DSA_TA3","Nithin Jagannathun","nithin.25bcs10413@sst.scaler.com","6309382435","A","Hariom Shrivastava","26bcs10089","hariom.26bcs10089@sst.scaler.com","Tier-2","Tier-2","A","A","","","","","","","","","","","","",""
"A","INT_DSA_TA3","Nithin Jagannathun","nithin.25bcs10413@sst.scaler.com","6309382435","A","Meet Prajapat","26bcs10439","meet.26bcs10439@sst.scaler.com","Tier-2","Tier-2","A","A","","","","","","","","","","","","",""
"A","INT_DSA_TA3","Nithin Jagannathun","nithin.25bcs10413@sst.scaler.com","6309382435","A","Moksh Kubadiya","26bcs10388","moksh.26bcs10388@sst.scaler.com","Tier-2","Tier-2 JEE","A","A","","","","","","","","","","","","",""
"A","INT_DSA_TA3","Nithin Jagannathun","nithin.25bcs10413@sst.scaler.com","6309382435","A","Nehal S S","26bcs10010","nehal.26bcs10010@sst.scaler.com","Tier-1","Tier-1 Academic (10th)","A","A","","","","","","","","","","","","",""
"A","INT_DSA_TA3","Nithin Jagannathun","nithin.25bcs10413@sst.scaler.com","6309382435","A","Nidhi Jain","26bcs10154","nidhi.26bcs10154@sst.scaler.com","Tier-1","Tier-1 Academic (10th)","A","A","","","","","","","","","","","","",""
"A","INT_DSA_TA3","Nithin Jagannathun","nithin.25bcs10413@sst.scaler.com","6309382435","A","Niketh Reddy Yasa","26bcs10308","niketh.26bcs10308@sst.scaler.com","Tier-1","Tier-1 Academic (12th)","A","A","","","","","","","","","","","","",""
"A","INT_DSA_TA3","Nithin Jagannathun","nithin.25bcs10413@sst.scaler.com","6309382435","A","Nirakar Naik","26bcs10002","nirakar.26bcs10002@sst.scaler.com","Tier-1","Tier-1 Tech","A","A","","","","","","","","","","","","",""
"A","INT_DSA_TA3","Nithin Jagannathun","nithin.25bcs10413@sst.scaler.com","6309382435","A","Palley Krishival Reddy","26bcs10495","palley.26bcs10495@sst.scaler.com","Tier-1","Tier-1 Academic (10th)","A","A","","","","","","","","","","","","",""
"A","INT_DSA_TA3","Nithin Jagannathun","nithin.25bcs10413@sst.scaler.com","6309382435","A","Parithosh Kumar","26bcs10007","parithosh.26bcs10007@sst.scaler.com","Tier-3","Tier-3","A","A","","","","","","","","","","","","",""
"A","INT_DSA_TA3","Nithin Jagannathun","nithin.25bcs10413@sst.scaler.com","6309382435","A","Piyush Ranjan Biswal","26bcs10263","piyush.26bcs10263@sst.scaler.com","Tier-1","Tier-1 JEE + Acad (10th)","A","A","","","","","","","","","","","","",""
"A","INT_DSA_TA3","Nithin Jagannathun","nithin.25bcs10413@sst.scaler.com","6309382435","A","Praful Jain","26bcs10026","praful.26bcs10026@sst.scaler.com","Tier-2","Tier-2","A","A","","","","","","","","","","","","",""
"A","INT_DSA_TA3","Nithin Jagannathun","nithin.25bcs10413@sst.scaler.com","6309382435","A","Raj Maurya","26bcs10270","raj.26bcs10270@sst.scaler.com","Tier-2","Tier-2 JEE","A","A","","","","","","","","","","","","",""
"A","INT_DSA_TA3","Nithin Jagannathun","nithin.25bcs10413@sst.scaler.com","6309382435","A","Rajlakshmi Singh","26bcs10319","rajlakshmi.26bcs10319@sst.scaler.com","Tier-2","Tier-2","A","A","","","","","","","","","","","","",""
"A","INT_DSA_TA3","Nithin Jagannathun","nithin.25bcs10413@sst.scaler.com","6309382435","A","Rishi Wakodikar","26bcs10572","rishi.26bcs10572@sst.scaler.com","Tier-2","Tier-2","A","A","","","","","","","","","","","","",""
"A","INT_DSA_TA3","Nithin Jagannathun","nithin.25bcs10413@sst.scaler.com","6309382435","A","Rishita Gampala","26bcs10508","rishita.26bcs10508@sst.scaler.com","Tier-1","Tier-1 JEE","A","A","","","","","","","","","","","","",""
"A","INT_DSA_TA3","Nithin Jagannathun","nithin.25bcs10413@sst.scaler.com","6309382435","A","Sameer Masood","26bcs10051","sameer.26bcs10051@sst.scaler.com","Tier-1","Tier-1 JEE","A","A","","","","","","","","","","","","",""
"A","INT_DSA_TA3","Nithin Jagannathun","nithin.25bcs10413@sst.scaler.com","6309382435","A","Sanvi Mohanty","26bcs10517","sanvi.26bcs10517@sst.scaler.com","Tier-3","Tier-3","A","A","","","","","","","","","","","","",""
"A","INT_DSA_TA3","Nithin Jagannathun","nithin.25bcs10413@sst.scaler.com","6309382435","A","Shah Shasan","26bcs10246","shah.26bcs10246@sst.scaler.com","Tier-1","Tier-1 JEE","A","A","","","","","","","","","","","","",""
"A","INT_DSA_TA3","Nithin Jagannathun","nithin.25bcs10413@sst.scaler.com","6309382435","A","Shantanu Kaushal","26bcs10499","shantanu.26bcs10499@sst.scaler.com","Tier-2","Tier-2","A","A","","","","","","","","","","","","",""
"A","INT_DSA_TA3","Nithin Jagannathun","nithin.25bcs10413@sst.scaler.com","6309382435","A","Shaurya Sindhu","26bcs10199","shaurya.26bcs10199@sst.scaler.com","Tier-2","Tier-2","A","A","","","","","","","","","","","","",""
"A","INT_DSA_TA3","Nithin Jagannathun","nithin.25bcs10413@sst.scaler.com","6309382435","A","Shivang Ganwani","26bcs10018","shivang.26bcs10018@sst.scaler.com","Tier-3","Tier-3","A","A","","","","","","","","","","","","",""
"A","INT_DSA_TA3","Nithin Jagannathun","nithin.25bcs10413@sst.scaler.com","6309382435","A","Shubh Singh Rajput","26bcs10487","shubh.26bcs10487@sst.scaler.com","Tier-1","Tier-1 Tech","A","A","","","","","","","","","","","","",""
"A","INT_DSA_TA3","Nithin Jagannathun","nithin.25bcs10413@sst.scaler.com","6309382435","A","Shubham Das","26bcs10053","shubham.26bcs10053@sst.scaler.com","Tier-2","Tier-2","A","A","","","","","","","","","","","","",""
"A","INT_DSA_TA3","Nithin Jagannathun","nithin.25bcs10413@sst.scaler.com","6309382435","A","Smit Pal","26bcs10441","smit.26bcs10441@sst.scaler.com","Tier-2","Tier-2","A","A","","","","","","","","","","","","",""
"A","INT_DSA_TA3","Nithin Jagannathun","nithin.25bcs10413@sst.scaler.com","6309382435","A","Supriyo Sarkar","26bcs10133","supriyo.26bcs10133@sst.scaler.com","Tier-3","Tier-3","A","A","","","","","","","","","","","","",""
"A","INT_DSA_TA3","Nithin Jagannathun","nithin.25bcs10413@sst.scaler.com","6309382435","A","Thamaru Bandha","26bcs10216","thamaru.26bcs10216@sst.scaler.com","Tier-2","Tier-2","A","A","","","","","","","","","","","","",""
"A","INT_DSA_TA3","Nithin Jagannathun","nithin.25bcs10413@sst.scaler.com","6309382435","A","Vedant Kubal","26bcs10242","vedant.26bcs10242@sst.scaler.com","Tier-1","Tier-1 Academic (10th)","A","A","","","","","","","","","","","","",""
"A","INT_DSA_TA6","Prince","prince.25bcs10323@sst.scaler.com","9149184686","A","Aaryabaan Singh Singh","26bcs10162","aaryabaan.26bcs10162@sst.scaler.com","Tier-3","Tier-3","A","A","","","","","","","","","","","","",""
"A","INT_DSA_TA6","Prince","prince.25bcs10323@sst.scaler.com","9149184686","A","Aayush Chahal","26bcs10560","aayush.26bcs10560@sst.scaler.com","Tier-1","Tier-1 JEE + Acad (10th)","A","A","","","","","","","","","","","","",""
"A","INT_DSA_TA6","Prince","prince.25bcs10323@sst.scaler.com","9149184686","A","Aditya Bisht","26bcs10024","aditya.26bcs10024@sst.scaler.com","Tier-2","Tier-2","A","A","","","","","","","","","","","","",""
"A","INT_DSA_TA6","Prince","prince.25bcs10323@sst.scaler.com","9149184686","A","Aditya Singh","26bcs10256","aditya.26bcs10256@sst.scaler.com","Tier-2","Tier-2 JEE","A","A","","","","","","","","","","","","",""
"A","INT_DSA_TA6","Prince","prince.25bcs10323@sst.scaler.com","9149184686","A","Amit Konde","26bcs10272","amit.26bcs10272@sst.scaler.com","Tier-2","Tier-2 JEE","A","A","","","","","","","","","","","","",""
"A","INT_DSA_TA6","Prince","prince.25bcs10323@sst.scaler.com","9149184686","A","Ansh Goyal","26bcs10099","ansh.26bcs10099@sst.scaler.com","Tier-1","Tier-1 JEE + Acad (10th)","A","A","","","","","","","","","","","","",""
"A","INT_DSA_TA6","Prince","prince.25bcs10323@sst.scaler.com","9149184686","A","Arav Goyal","26bcs10581","arav.26bcs10581@sst.scaler.com","Tier-1","Tier-1 JEE","A","A","","","","","","","","","","","","",""
"A","INT_DSA_TA6","Prince","prince.25bcs10323@sst.scaler.com","9149184686","A","Ayush Saini","26bcs10306","ayush.26bcs10306@sst.scaler.com","Tier-3","Tier-3","A","A","","","","","","","","","","","","",""
"A","INT_DSA_TA6","Prince","prince.25bcs10323@sst.scaler.com","9149184686","A","Ayush Singh","26bcs10061","ayush.26bcs10061@sst.scaler.com","Tier-3","Tier-3","A","A","","","","","","","","","","","","",""
"A","INT_DSA_TA6","Prince","prince.25bcs10323@sst.scaler.com","9149184686","A","Deepesh Doddi","26bcs10169","deepesh.26bcs10169@sst.scaler.com","Tier-1","Tier-1 JEE + Acad (12th)","A","A","","","","","","","","","","","","",""
"A","INT_DSA_TA6","Prince","prince.25bcs10323@sst.scaler.com","9149184686","A","Ebaad Khan","26bcs10148","ebaad.26bcs10148@sst.scaler.com","Tier-2","Tier-2 JEE","A","A","","","","","","","","","","","","",""
"A","INT_DSA_TA6","Prince","prince.25bcs10323@sst.scaler.com","9149184686","A","Eshan Agarwal","26bcs10580","eshan.26bcs10580@sst.scaler.com","Tier-2","Tier-2","A","A","","","","","","","","","","","","",""
"A","INT_DSA_TA6","Prince","prince.25bcs10323@sst.scaler.com","9149184686","A","Geet Dhiraj Bhanushali","26bcs10232","geet.26bcs10232@sst.scaler.com","Tier-2","Tier-2","A","A","","","","","","","","","","","","",""
"A","INT_DSA_TA6","Prince","prince.25bcs10323@sst.scaler.com","9149184686","A","Harshit Sharma","26bcs10578","harshit.26bcs10578@sst.scaler.com","Tier-2","Tier-2","A","A","","","","","","","","","","","","",""
"A","INT_DSA_TA6","Prince","prince.25bcs10323@sst.scaler.com","9149184686","A","Himanshu Ojha","26bcs10489","himanshu.26bcs10489@sst.scaler.com","Tier-1","Tier-1 JEE","A","A","","","","","","","","","","","","",""
"A","INT_DSA_TA6","Prince","prince.25bcs10323@sst.scaler.com","9149184686","A","Indu Hasita Juturu","26bcs10540","indu.26bcs10540@sst.scaler.com","Tier-1","Tier-1 Academic (10th)","A","A","","","","","","","","","","","","",""
"A","INT_DSA_TA6","Prince","prince.25bcs10323@sst.scaler.com","9149184686","A","Janisha Joshi","26bcs10293","janisha.26bcs10293@sst.scaler.com","Tier-1","Tier-1 Academic (10th)","A","A","","","","","","","","","","","","",""
"A","INT_DSA_TA6","Prince","prince.25bcs10323@sst.scaler.com","9149184686","A","Jay Subhash Chowdary Rayani","26bcs10520","jay.26bcs10520@sst.scaler.com","Tier-3","Tier-3","A","A","","","","","","","","","","","","",""
"A","INT_DSA_TA6","Prince","prince.25bcs10323@sst.scaler.com","9149184686","A","Kalahasthi Dinesh Raju","26bcs10029","kalahasthi.26bcs10029@sst.scaler.com","Tier-2","Tier-2","A","A","","","","","","","","","","","","",""
"A","INT_DSA_TA6","Prince","prince.25bcs10323@sst.scaler.com","9149184686","A","Krish Kumar Singh","26bcs10264","krish.26bcs10264@sst.scaler.com","Tier-2","Tier-2","A","A","","","","","","","","","","","","",""
"A","INT_DSA_TA6","Prince","prince.25bcs10323@sst.scaler.com","9149184686","A","Krishna Chaithanya Birru","26bcs10009","krishna.26bcs10009@sst.scaler.com","Tier-1","Tier-1 Tech","A","A","","","","","","","","","","","","",""
"A","INT_DSA_TA6","Prince","prince.25bcs10323@sst.scaler.com","9149184686","A","Krishna Jaiswal","26bcs10684","krishna.26bcs10684@sst.scaler.com","Tier-1","Tier-1 JEE + Acad (12th)","A","A","","","","","","","","","","","","",""
"A","INT_DSA_TA6","Prince","prince.25bcs10323@sst.scaler.com","9149184686","A","Maanvi S","26bcs10181","maanvi.26bcs10181@sst.scaler.com","Tier-1","Tier-1 Tech","A","A","","","","","","","","","","","","",""
"A","INT_DSA_TA6","Prince","prince.25bcs10323@sst.scaler.com","9149184686","A","Parth Patel","26bcs10078","parth.26bcs10078@sst.scaler.com","Tier-1","Tier-1 Tech","A","A","","","","","","","","","","","","",""
"A","INT_DSA_TA6","Prince","prince.25bcs10323@sst.scaler.com","9149184686","A","Parth Sonar","26bcs10037","parth.26bcs10037@sst.scaler.com","Tier-2","Tier-2","A","A","","","","","","","","","","","","",""
"A","INT_DSA_TA6","Prince","prince.25bcs10323@sst.scaler.com","9149184686","A","Prikshit Sharma","26bcs10160","prikshit.26bcs10160@sst.scaler.com","Tier-1","Tier-1 JEE + Acad (12th)","A","A","","","","","","","","","","","","",""
"A","INT_DSA_TA6","Prince","prince.25bcs10323@sst.scaler.com","9149184686","A","Sai Sidharth Reddy Nallapa Reddy","26bcs10583","sai.26bcs10583@sst.scaler.com","Tier-2","Tier-2","A","A","","","","","","","","","","","","",""
"A","INT_DSA_TA6","Prince","prince.25bcs10323@sst.scaler.com","9149184686","A","Shreeji Patel","26bcs10088","shreeji.26bcs10088@sst.scaler.com","Tier-1","Tier-1 JEE + Acad (10th)","A","A","","","","","","","","","","","","",""
"A","INT_DSA_TA6","Prince","prince.25bcs10323@sst.scaler.com","9149184686","A","Shreyan Gowda H U","26bcs10265","shreyan.26bcs10265@sst.scaler.com","Tier-2","Tier-2","A","A","","","","","","","","","","","","",""
"A","INT_DSA_TA6","Prince","prince.25bcs10323@sst.scaler.com","9149184686","A","Sudarshan Rajkumar","26bcs10076","sudarshan.26bcs10076@sst.scaler.com","Tier-2","Tier-2","A","A","","","","","","","","","","","","",""
"A","INT_DSA_TA6","Prince","prince.25bcs10323@sst.scaler.com","9149184686","A","Sumanth Guntika","26bcs10289","sumanth.26bcs10289@sst.scaler.com","Tier-1","Tier-1 JEE","A","A","","","","","","","","","","","","",""
"A","INT_DSA_TA6","Prince","prince.25bcs10323@sst.scaler.com","9149184686","A","Tanishk Semwal","26bcs10280","tanishk.26bcs10280@sst.scaler.com","Tier-3","Tier-3","A","A","","","","","","","","","","","","",""
"A","INT_DSA_TA6","Prince","prince.25bcs10323@sst.scaler.com","9149184686","A","Vaibhav Kadbhane","26bcs10186","vaibhav.26bcs10186@sst.scaler.com","Tier-2","Tier-2","A","A","","","","","","","","","","","","",""
"A","INT_DSA_TA6","Prince","prince.25bcs10323@sst.scaler.com","9149184686","A","Vaishnavi Bhoyar","26bcs10048","vaishnavi.26bcs10048@sst.scaler.com","Tier-2","Tier-2","A","A","","","","","","","","","","","","",""
"A","INT_DSA_TA6","Prince","prince.25bcs10323@sst.scaler.com","9149184686","A","Vismaya Anumesh","26bcs10518","vismaya.26bcs10518@sst.scaler.com","Tier-2","Tier-2","A","A","","","","","","","","","","","","",""
"C","INT_DSA_TA4","Riddhi Shah","riddhi.25bcs10786@sst.scaler.com","8779600192","C","Aarav Patel","26bcs10417","aarav.26bcs10417@sst.scaler.com","Tier-2","Tier-2","C","C","","","","","","","","","","","","",""
"C","INT_DSA_TA4","Riddhi Shah","riddhi.25bcs10786@sst.scaler.com","8779600192","C","Abhiram Wayakar","26bcs10535","abhiram.26bcs10535@sst.scaler.com","Tier-2","Tier-2","C","C","","","","","","","","","","","","",""
"C","INT_DSA_TA4","Riddhi Shah","riddhi.25bcs10786@sst.scaler.com","8779600192","C","Abinivesh Sasikumar","26bcs10396","abinivesh.26bcs10396@sst.scaler.com","Tier-1","Tier-1 JEE + Acad (10th)","C","C","","","","","","","","","","","","",""
"C","INT_DSA_TA4","Riddhi Shah","riddhi.25bcs10786@sst.scaler.com","8779600192","C","Aditya Siwach","26bcs10223","aditya.26bcs10223@sst.scaler.com","Tier-3","Tier-3","C","C","","","","","","","","","","","","",""
"C","INT_DSA_TA4","Riddhi Shah","riddhi.25bcs10786@sst.scaler.com","8779600192","C","Arnav Soni","26bcs10638","arnav.26bcs10638@sst.scaler.com","Tier-3","Tier-3","C","C","","","","","","","","","","","","",""
"C","INT_DSA_TA4","Riddhi Shah","riddhi.25bcs10786@sst.scaler.com","8779600192","C","Arpit Singh","26bcs10533","arpit.26bcs10533@sst.scaler.com","Tier-2","Tier-2","C","C","","","","","","","","","","","","",""
"C","INT_DSA_TA4","Riddhi Shah","riddhi.25bcs10786@sst.scaler.com","8779600192","C","Bhavya Kochar","26bcs10191","bhavya.26bcs10191@sst.scaler.com","Tier-1","Tier-1 Academic (12th)","C","C","","","","","","","","","","","","",""
"C","INT_DSA_TA4","Riddhi Shah","riddhi.25bcs10786@sst.scaler.com","8779600192","C","Bhupen Yadav","26bcs10647","bhupen.26bcs10647@sst.scaler.com","Tier-3","Tier-3","C","C","","","","","","","","","","","","",""
"C","INT_DSA_TA4","Riddhi Shah","riddhi.25bcs10786@sst.scaler.com","8779600192","C","Devansh Rajoura","26bcs10171","devansh.26bcs10171@sst.scaler.com","Tier-2","Tier-2","C","C","","","","","","","","","","","","",""
"C","INT_DSA_TA4","Riddhi Shah","riddhi.25bcs10786@sst.scaler.com","8779600192","C","Dheeraj Choudhary Choudhary","26bcs10311","dheeraj.26bcs10311@sst.scaler.com","Tier-2","Tier-2","C","C","","","","","","","","","","","","",""
"C","INT_DSA_TA4","Riddhi Shah","riddhi.25bcs10786@sst.scaler.com","8779600192","C","Dhiraj Pareek","26bcs10423","dhiraj.26bcs10423@sst.scaler.com","Tier-2","Tier-2","C","C","","","","","","","","","","","","",""
"C","INT_DSA_TA4","Riddhi Shah","riddhi.25bcs10786@sst.scaler.com","8779600192","C","Girish Bajaj Bajaj","26bcs10207","girish.26bcs10207@sst.scaler.com","Tier-2","Tier-2","C","C","","","","","","","","","","","","",""
"C","INT_DSA_TA4","Riddhi Shah","riddhi.25bcs10786@sst.scaler.com","8779600192","C","Karpurapu Gokul Gokul","26bcs10065","karpurapu.26bcs10065@sst.scaler.com","Tier-1","Tier-1 JEE","C","C","","","","","","","","","","","","",""
"C","INT_DSA_TA4","Riddhi Shah","riddhi.25bcs10786@sst.scaler.com","8779600192","C","Kaushal Choudhary","26bcs10608","kaushal.26bcs10608@sst.scaler.com","Tier-3","Tier-3","C","C","","","","","","","","","","","","",""
"C","INT_DSA_TA4","Riddhi Shah","riddhi.25bcs10786@sst.scaler.com","8779600192","C","Lakshay Jaiswal","26bcs10175","lakshay.26bcs10175@sst.scaler.com","Tier-2","Tier-2","C","C","","","","","","","","","","","","",""
"C","INT_DSA_TA4","Riddhi Shah","riddhi.25bcs10786@sst.scaler.com","8779600192","C","Mayank Gupta","26bcs10400","mayank.26bcs10400@sst.scaler.com","Tier-1","Tier-1 JEE + Acad (10th)","C","C","","","","","","","","","","","","",""
"C","INT_DSA_TA4","Riddhi Shah","riddhi.25bcs10786@sst.scaler.com","8779600192","C","Mohammed Fahim Jhadwale","26bcs10279","mohammed.26bcs10279@sst.scaler.com","Tier-1","Tier-1 JEE + Acad (10th)","C","C","","","","","","","","","","","","",""
"C","INT_DSA_TA4","Riddhi Shah","riddhi.25bcs10786@sst.scaler.com","8779600192","C","Naveen Sai G K","26bcs10188","naveen.26bcs10188@sst.scaler.com","Tier-2","Tier-2 JEE","C","C","","","","","","","","","","","","",""
"C","INT_DSA_TA4","Riddhi Shah","riddhi.25bcs10786@sst.scaler.com","8779600192","C","Neelam Chandwani","26bcs10554","neelam.26bcs10554@sst.scaler.com","Tier-3","Tier-3","C","C","","","","","","","","","","","","",""
"C","INT_DSA_TA4","Riddhi Shah","riddhi.25bcs10786@sst.scaler.com","8779600192","C","Nihal Murarka 9875644709","26bcs10399","nihal.26bcs10399@sst.scaler.com","Tier-2","Tier-2","C","C","","","","","","","","","","","","",""
"C","INT_DSA_TA4","Riddhi Shah","riddhi.25bcs10786@sst.scaler.com","8779600192","C","Nikhar Maheswari","26bcs10013","nikhar.26bcs10013@sst.scaler.com","Tier-2","Tier-2","C","C","","","","","","","","","","","","",""
"C","INT_DSA_TA4","Riddhi Shah","riddhi.25bcs10786@sst.scaler.com","8779600192","C","Niteesh Kumar Naidu Yetukuri","26bcs10021","niteesh.26bcs10021@sst.scaler.com","Tier-1","Tier-1 Academic (12th)","C","C","","","","","","","","","","","","",""
"C","INT_DSA_TA4","Riddhi Shah","riddhi.25bcs10786@sst.scaler.com","8779600192","C","Pabba Poojan","26bcs10476","pabba.26bcs10476@sst.scaler.com","Tier-1","Tier-1 Academic (12th)","C","C","","","","","","","","","","","","",""
"C","INT_DSA_TA4","Riddhi Shah","riddhi.25bcs10786@sst.scaler.com","8779600192","C","Panuganti Sricharan Sricharan","26bcs10452","panuganti.26bcs10452@sst.scaler.com","Tier-2","Tier-2","C","C","","","","","","","","","","","","",""
"C","INT_DSA_TA4","Riddhi Shah","riddhi.25bcs10786@sst.scaler.com","8779600192","C","Prajjwal Pandey","26bcs10457","prajjwal.26bcs10457@sst.scaler.com","Tier-1","Tier-1 Tech","C","C","","","","","","","","","","","","",""
"C","INT_DSA_TA4","Riddhi Shah","riddhi.25bcs10786@sst.scaler.com","8779600192","C","Prathamesh Sandip Palsapure","26bcs10461","prathamesh.26bcs10461@sst.scaler.com","Tier-2","Tier-2 JEE","C","C","","","","","","","","","","","","",""
"C","INT_DSA_TA4","Riddhi Shah","riddhi.25bcs10786@sst.scaler.com","8779600192","C","Sai Charan Sunkara Sunkara","26bcs10459","sai.26bcs10459@sst.scaler.com","Tier-1","Tier-1 JEE","C","C","","","","","","","","","","","","",""
"C","INT_DSA_TA4","Riddhi Shah","riddhi.25bcs10786@sst.scaler.com","8779600192","C","Shreyansh Bhawsar Bhawsar","26bcs10292","shreyansh.26bcs10292@sst.scaler.com","Tier-1","Tier-1 JEE + Acad (12th)","C","C","","","","","","","","","","","","",""
"C","INT_DSA_TA4","Riddhi Shah","riddhi.25bcs10786@sst.scaler.com","8779600192","C","Shrish Sureshkumar Sureshkumar","26bcs10016","shrish.26bcs10016@sst.scaler.com","Tier-2","Tier-2 JEE","C","C","","","","","","","","","","","","",""
"C","INT_DSA_TA4","Riddhi Shah","riddhi.25bcs10786@sst.scaler.com","8779600192","C","Srijan .","26bcs10210","srijan.26bcs10210@sst.scaler.com","Tier-2","Tier-2","C","C","","","","","","","","","","","","",""
"C","INT_DSA_TA4","Riddhi Shah","riddhi.25bcs10786@sst.scaler.com","8779600192","C","Urmi Barman","26bcs10522","urmi.26bcs10522@sst.scaler.com","Tier-1","Tier-1 Academic (12th)","C","C","","","","","","","","","","","","",""
"C","INT_DSA_TA4","Riddhi Shah","riddhi.25bcs10786@sst.scaler.com","8779600192","C","Utkarsh Tiwari Tiwari","26bcs10512","utkarsh.26bcs10512@sst.scaler.com","Tier-1","Tier-1 JEE","C","C","","","","","","","","","","","","",""
"C","INT_DSA_TA4","Riddhi Shah","riddhi.25bcs10786@sst.scaler.com","8779600192","C","Vaishnavi Khatri","26bcs10500","vaishnavi.26bcs10500@sst.scaler.com","Tier-2","Tier-2","C","C","","","","","","","","","","","","",""
"C","INT_DSA_TA4","Riddhi Shah","riddhi.25bcs10786@sst.scaler.com","8779600192","C","Valluri Sataya Yogieswar Sataya Yogieswar","26bcs10144","valluri.26bcs10144@sst.scaler.com","Tier-1","Tier-1 JEE","C","C","","","","","","","","","","","","",""
"C","INT_DSA_TA4","Riddhi Shah","riddhi.25bcs10786@sst.scaler.com","8779600192","C","Vinay Partap Rana","26bcs10084","vinay.26bcs10084@sst.scaler.com","Tier-1","Tier-1 JEE + Acad (10th)","C","C","","","","","","","","","","","","",""
"C","INT_DSA_TA4","Riddhi Shah","riddhi.25bcs10786@sst.scaler.com","8779600192","C","Yashaswin Ankennapalli","26bcs10450","yashaswin.26bcs10450@sst.scaler.com","Tier-2","Tier-2","C","C","","","","","","","","","","","","",""
"D","INT_DSA_TA13","Sarthak Suri","sarthak.25bcs10284@sst.scaler.com","7006076516","A","Aaditya Vishwanath","26bcs10591","aaditya.26bcs10591@sst.scaler.com","Tier-2","Tier-2","D","D","","","","","","","","","","","","",""
"D","INT_DSA_TA13","Sarthak Suri","sarthak.25bcs10284@sst.scaler.com","7006076516","A","Akshat .","26bcs10681","akshat.26bcs10681@sst.scaler.com","Tier-2","Tier-2","D","D","","","","","","","","","","","","",""
"D","INT_DSA_TA13","Sarthak Suri","sarthak.25bcs10284@sst.scaler.com","7006076516","A","Ansh Prajapati","26bcs10044","ansh.26bcs10044@sst.scaler.com","Tier-1","Tier-1 JEE","D","D","","","","","","","","","","","","",""
"D","INT_DSA_TA13","Sarthak Suri","sarthak.25bcs10284@sst.scaler.com","7006076516","A","Arpita Verma","26bcs10726","arpita.26bcs10726@sst.scaler.com","Tier-2","Tier-2","D","D","","","","","","","","","","","","",""
"D","INT_DSA_TA13","Sarthak Suri","sarthak.25bcs10284@sst.scaler.com","7006076516","A","Atharva Pandey","26bcs10641","atharva.26bcs10641@sst.scaler.com","Tier-1","Tier-1 Tech","D","D","","","","","","","","","","","","",""
"D","INT_DSA_TA13","Sarthak Suri","sarthak.25bcs10284@sst.scaler.com","7006076516","A","Eeshwar Aditya","26bcs10658","eeshwar.26bcs10658@sst.scaler.com","Tier-2","Tier-2","D","D","","","","","","","","","","","","",""
"D","INT_DSA_TA13","Sarthak Suri","sarthak.25bcs10284@sst.scaler.com","7006076516","A","Gunjan Bora","26bcs10634","gunjan.26bcs10634@sst.scaler.com","Tier-2","Tier-2","D","D","","","","","","","","","","","","",""
"D","INT_DSA_TA13","Sarthak Suri","sarthak.25bcs10284@sst.scaler.com","7006076516","A","Gunji Efrayam","26bcs10606","gunji.26bcs10606@sst.scaler.com","Tier-1","Tier-1 JEE + Acad (10th)","D","D","","","","","","","","","","","","",""
"D","INT_DSA_TA13","Sarthak Suri","sarthak.25bcs10284@sst.scaler.com","7006076516","A","Karthikeyan B","26bcs10345","karthikeyan.26bcs10345@sst.scaler.com","Tier-2","Tier-2","D","D","","","","","","","","","","","","",""
"D","INT_DSA_TA13","Sarthak Suri","sarthak.25bcs10284@sst.scaler.com","7006076516","A","Kashish Garg","26bcs10158","kashish.26bcs10158@sst.scaler.com","Tier-2","Tier-2","D","D","","","","","","","","","","","","",""
"D","INT_DSA_TA13","Sarthak Suri","sarthak.25bcs10284@sst.scaler.com","7006076516","A","Khwahish Rakha","26bcs10548","khwahish.26bcs10548@sst.scaler.com","Tier-2","Tier-2","D","D","","","","","","","","","","","","",""
"D","INT_DSA_TA13","Sarthak Suri","sarthak.25bcs10284@sst.scaler.com","7006076516","A","Kothamasu Venkata Sai Subrahmanyam","26bcs10695","kothamasu.26bcs10695@sst.scaler.com","Tier-1","Tier-1 Academic (12th)","D","D","","","","","","","","","","","","",""
"D","INT_DSA_TA13","Sarthak Suri","sarthak.25bcs10284@sst.scaler.com","7006076516","A","Lavi Goyal","26bcs10747","lavi.26bcs10747@sst.scaler.com","Tier-2","Tier-2 JEE","D","D","","","","","","","","","","","","",""
"D","INT_DSA_TA13","Sarthak Suri","sarthak.25bcs10284@sst.scaler.com","7006076516","A","Mohith Gowda N H","26bcs10642","mohith.26bcs10642@sst.scaler.com","Tier-2","Tier-2","D","D","","","","","","","","","","","","",""
"D","INT_DSA_TA13","Sarthak Suri","sarthak.25bcs10284@sst.scaler.com","7006076516","A","Mustafabeg Inamdar","26bcs10609","mustafabeg.26bcs10609@sst.scaler.com","Tier-2","Tier-2","D","D","","","","","","","","","","","","",""
"D","INT_DSA_TA13","Sarthak Suri","sarthak.25bcs10284@sst.scaler.com","7006076516","A","Narra Sri Varshith","26bcs10682","narra.26bcs10682@sst.scaler.com","Tier-1","Tier-1 JEE + Acad (12th)","D","D","","","","","","","","","","","","",""
"D","INT_DSA_TA13","Sarthak Suri","sarthak.25bcs10284@sst.scaler.com","7006076516","A","Prapti Kasliwal","26bcs10673","prapti.26bcs10673@sst.scaler.com","Tier-3","Tier-3","D","D","","","","","","","","","","","","",""
"D","INT_DSA_TA13","Sarthak Suri","sarthak.25bcs10284@sst.scaler.com","7006076516","A","Pratyush Sondhiya","26bcs10622","pratyush.26bcs10622@sst.scaler.com","Tier-2","Tier-2 JEE","D","D","","","","","","","","","","","","",""
"D","INT_DSA_TA13","Sarthak Suri","sarthak.25bcs10284@sst.scaler.com","7006076516","A","RASAGNA POTNURU","26bcs10720","rasagna.26bcs10720@sst.scaler.com","Tier-3","Tier-3","D","D","","","","","","","","","","","","",""
"D","INT_DSA_TA13","Sarthak Suri","sarthak.25bcs10284@sst.scaler.com","7006076516","A","Rayyan Ahmad","26bcs10704","rayyan.26bcs10704@sst.scaler.com","Tier-1","Tier-1 Academic (12th)","D","D","","","","","","","","","","","","",""
"D","INT_DSA_TA13","Sarthak Suri","sarthak.25bcs10284@sst.scaler.com","7006076516","A","Rehan Arsh Shaikh","26bcs10706","rehan.26bcs10706@sst.scaler.com","Tier-2","Tier-2","D","D","","","","","","","","","","","","",""
"D","INT_DSA_TA13","Sarthak Suri","sarthak.25bcs10284@sst.scaler.com","7006076516","A","Ritvik Kaushik","26bcs10723","ritvik.26bcs10723@sst.scaler.com","Tier-1","Tier-1 JEE","D","D","","","","","","","","","","","","",""
"D","INT_DSA_TA13","Sarthak Suri","sarthak.25bcs10284@sst.scaler.com","7006076516","A","Shashwat Khajuria","26bcs10588","shashwat.26bcs10588@sst.scaler.com","Tier-2","Tier-2 JEE","D","D","","","","","","","","","","","","",""
"D","INT_DSA_TA13","Sarthak Suri","sarthak.25bcs10284@sst.scaler.com","7006076516","A","Soham Kadam","26bcs10714","soham.26bcs10714@sst.scaler.com","Tier-2","Tier-2 JEE","D","D","","","","","","","","","","","","",""
"D","INT_DSA_TA13","Sarthak Suri","sarthak.25bcs10284@sst.scaler.com","7006076516","A","Sree Tanuj Yalamanchili","26bcs10666","sree.26bcs10666@sst.scaler.com","Tier-3","Tier-3","D","D","","","","","","","","","","","","",""
"D","INT_DSA_TA13","Sarthak Suri","sarthak.25bcs10284@sst.scaler.com","7006076516","A","Sunkari Mukesh","26bcs10654","sunkari.26bcs10654@sst.scaler.com","Tier-1","Tier-1 JEE + Acad (12th)","D","D","","","","","","","","","","","","",""
"D","INT_DSA_TA13","Sarthak Suri","sarthak.25bcs10284@sst.scaler.com","7006076516","A","Vainika Alapati","26bcs10556","vainika.26bcs10556@sst.scaler.com","Tier-1","Tier-1 Academic (12th)","D","D","","","","","","","","","","","","",""
"D","INT_DSA_TA13","Sarthak Suri","sarthak.25bcs10284@sst.scaler.com","7006076516","A","Vaishnav Billakanti","26bcs10502","vaishnav.26bcs10502@sst.scaler.com","Tier-2","Tier-2","D","D","","","","","","","","","","","","",""
"D","INT_DSA_TA13","Sarthak Suri","sarthak.25bcs10284@sst.scaler.com","7006076516","A","Veda Sree","26bcs10553","veda.26bcs10553@sst.scaler.com","Tier-1","Tier-1 JEE","D","D","","","","","","","","","","","","",""
"D","INT_DSA_TA13","Sarthak Suri","sarthak.25bcs10284@sst.scaler.com","7006076516","A","Vishesh Singh","26bcs10278","vishesh.26bcs10278@sst.scaler.com","Tier-1","Tier-1 JEE","D","D","","","","","","","","","","","","",""
"A","INT_DSA_TA8","Sejal Pednekar","sejal.25bcs10171@sst.scaler.com","9356523897","A","A Ibolin Viahul","26bcs10245","ibolin.26bcs10245@sst.scaler.com","Tier-3","Tier-3","A","A","","","","","","","","","","","","",""
"A","INT_DSA_TA8","Sejal Pednekar","sejal.25bcs10171@sst.scaler.com","9356523897","A","A Samiti","26bcs10006","samiti.26bcs10006@sst.scaler.com","Tier-1","Tier-1 JEE + Acad (10th)","A","A","","","","","","","","","","","","",""
"A","INT_DSA_TA8","Sejal Pednekar","sejal.25bcs10171@sst.scaler.com","9356523897","A","Abhishek Attrey","26bcs10370","abhishek.26bcs10370@sst.scaler.com","Tier-2","Tier-2 JEE","A","A","","","","","","","","","","","","",""
"A","INT_DSA_TA8","Sejal Pednekar","sejal.25bcs10171@sst.scaler.com","9356523897","A","Aditya Ahire","26bcs10226","aditya.26bcs10226@sst.scaler.com","Tier-3","Tier-3","A","A","","","","","","","","","","","","",""
"A","INT_DSA_TA8","Sejal Pednekar","sejal.25bcs10171@sst.scaler.com","9356523897","A","Arijit Dey","26bcs10184","arijit.26bcs10184@sst.scaler.com","Tier-1","Tier-1 JEE + Acad (10th)","A","A","","","","","","","","","","","","",""
"A","INT_DSA_TA8","Sejal Pednekar","sejal.25bcs10171@sst.scaler.com","9356523897","A","Arjun Chaurasia","26bcs10571","arjun.26bcs10571@sst.scaler.com","Tier-2","Tier-2","A","A","","","","","","","","","","","","",""
"A","INT_DSA_TA8","Sejal Pednekar","sejal.25bcs10171@sst.scaler.com","9356523897","A","Aviral Maurya","26bcs10161","aviral.26bcs10161@sst.scaler.com","Tier-2","Tier-2","A","A","","","","","","","","","","","","",""
"A","INT_DSA_TA8","Sejal Pednekar","sejal.25bcs10171@sst.scaler.com","9356523897","A","B Shridhar Rao","26bcs10257","shridhar.26bcs10257@sst.scaler.com","Tier-1","Tier-1 JEE","A","A","","","","","","","","","","","","",""
"A","INT_DSA_TA8","Sejal Pednekar","sejal.25bcs10171@sst.scaler.com","9356523897","A","Darshan Bansal","26bcs10497","darshan.26bcs10497@sst.scaler.com","Tier-1","Tier-1 JEE + Acad (10th)","A","A","","","","","","","","","","","","",""
"A","INT_DSA_TA8","Sejal Pednekar","sejal.25bcs10171@sst.scaler.com","9356523897","A","Dhairya Goel","26bcs10128","dhairya.26bcs10128@sst.scaler.com","Tier-2","Tier-2","A","A","","","","","","","","","","","","",""
"A","INT_DSA_TA8","Sejal Pednekar","sejal.25bcs10171@sst.scaler.com","9356523897","A","Dhairya Purswani","26bcs10290","dhairya.26bcs10290@sst.scaler.com","Tier-1","Tier-1 JEE + Acad (12th)","A","A","","","","","","","","","","","","",""
"A","INT_DSA_TA8","Sejal Pednekar","sejal.25bcs10171@sst.scaler.com","9356523897","A","Gajanan Lohar","26bcs10172","gajanan.26bcs10172@sst.scaler.com","Tier-2","Tier-2 JEE","A","A","","","","","","","","","","","","",""
"A","INT_DSA_TA8","Sejal Pednekar","sejal.25bcs10171@sst.scaler.com","9356523897","A","Gaurav Singh","26bcs10224","gaurav.26bcs10224@sst.scaler.com","Tier-2","Tier-2 JEE","A","A","","","","","","","","","","","","",""
"A","INT_DSA_TA8","Sejal Pednekar","sejal.25bcs10171@sst.scaler.com","9356523897","A","Harsh Raj","26bcs10117","harsh.26bcs10117@sst.scaler.com","Tier-1","Tier-1 JEE","A","A","","","","","","","","","","","","",""
"A","INT_DSA_TA8","Sejal Pednekar","sejal.25bcs10171@sst.scaler.com","9356523897","A","Het Parekh","26bcs10004","het.26bcs10004@sst.scaler.com","Tier-2","Tier-2","A","A","","","","","","","","","","","","",""
"A","INT_DSA_TA8","Sejal Pednekar","sejal.25bcs10171@sst.scaler.com","9356523897","A","Isanth Reddy Juturu","26bcs10341","isanth.26bcs10341@sst.scaler.com","Tier-1","Tier-1 Academic (10th)","A","A","","","","","","","","","","","","",""
"A","INT_DSA_TA8","Sejal Pednekar","sejal.25bcs10171@sst.scaler.com","9356523897","A","Ishaan Tiwari Tiwari","26bcs10250","ishaan.26bcs10250@sst.scaler.com","Tier-2","Tier-2","A","A","","","","","","","","","","","","",""
"A","INT_DSA_TA8","Sejal Pednekar","sejal.25bcs10171@sst.scaler.com","9356523897","A","Khyati Garg","26bcs10080","khyati.26bcs10080@sst.scaler.com","Tier-1","Tier-1 Academic (10th)","A","A","","","","","","","","","","","","",""
"A","INT_DSA_TA8","Sejal Pednekar","sejal.25bcs10171@sst.scaler.com","9356523897","A","Mahidhar Reddy Lebaka","26bcs10102","mahidhar.26bcs10102@sst.scaler.com","Tier-2","Tier-2","A","A","","","","","","","","","","","","",""
"A","INT_DSA_TA8","Sejal Pednekar","sejal.25bcs10171@sst.scaler.com","9356523897","A","Mithilesh Chavhan","26bcs10575","mithilesh.26bcs10575@sst.scaler.com","Tier-2","Tier-2","A","A","","","","","","","","","","","","",""
"A","INT_DSA_TA8","Sejal Pednekar","sejal.25bcs10171@sst.scaler.com","9356523897","A","P. Sudharsan","26bcs10063","sudharsan.26bcs10063@sst.scaler.com","Tier-2","Tier-2","A","A","","","","","","","","","","","","",""
"A","INT_DSA_TA8","Sejal Pednekar","sejal.25bcs10171@sst.scaler.com","9356523897","A","Padmesh Kumar Mahalik","26bcs10062","padmesh.26bcs10062@sst.scaler.com","Tier-2","Tier-2","A","A","","","","","","","","","","","","",""
"A","INT_DSA_TA8","Sejal Pednekar","sejal.25bcs10171@sst.scaler.com","9356523897","A","Parth Mundra","26bcs10079","parth.26bcs10079@sst.scaler.com","Tier-1","Tier-1 JEE","A","A","","","","","","","","","","","","",""
"A","INT_DSA_TA8","Sejal Pednekar","sejal.25bcs10171@sst.scaler.com","9356523897","A","Raghav Krishna Pulicheri","26bcs10384","raghav.26bcs10384@sst.scaler.com","Tier-1","Tier-1 Academic (10th)","A","A","","","","","","","","","","","","",""
"A","INT_DSA_TA8","Sejal Pednekar","sejal.25bcs10171@sst.scaler.com","9356523897","A","Rishu Raj","26bcs10266","rishu.26bcs10266@sst.scaler.com","Tier-2","Tier-2","A","A","","","","","","","","","","","","",""
"A","INT_DSA_TA8","Sejal Pednekar","sejal.25bcs10171@sst.scaler.com","9356523897","A","Sagar Snadeep Rathi Rathi","26bcs10394","sagar.26bcs10394@sst.scaler.com","Tier-3","Tier-3","A","A","","","","","","","","","","","","",""
"A","INT_DSA_TA8","Sejal Pednekar","sejal.25bcs10171@sst.scaler.com","9356523897","A","Samridh Goyal","26bcs10582","samridh.26bcs10582@sst.scaler.com","Tier-2","Tier-2","A","A","","","","","","","","","","","","",""
"A","INT_DSA_TA8","Sejal Pednekar","sejal.25bcs10171@sst.scaler.com","9356523897","A","Shaik Asif","26bcs10092","shaik.26bcs10092@sst.scaler.com","Tier-1","Tier-1 Academic (10th)","A","A","","","","","","","","","","","","",""
"A","INT_DSA_TA8","Sejal Pednekar","sejal.25bcs10171@sst.scaler.com","9356523897","A","Shrivatsaa N","26bcs10050","shrivatsaa.26bcs10050@sst.scaler.com","Tier-3","Tier-3","A","A","","","","","","","","","","","","",""
"A","INT_DSA_TA8","Sejal Pednekar","sejal.25bcs10171@sst.scaler.com","9356523897","A","Sriramyaa S","26bcs10685","sriramyaa.26bcs10685@sst.scaler.com","Tier-1","Tier-1 JEE + Acad (10th)","A","A","","","","","","","","","","","","",""
"A","INT_DSA_TA8","Sejal Pednekar","sejal.25bcs10171@sst.scaler.com","9356523897","A","Suyash Krishan Garg","26bcs10042","suyash.26bcs10042@sst.scaler.com","Tier-2","Tier-2","A","A","","","","","","","","","","","","",""
"A","INT_DSA_TA8","Sejal Pednekar","sejal.25bcs10171@sst.scaler.com","9356523897","A","Tanvi Kannuri","26bcs10071","tanvi.26bcs10071@sst.scaler.com","Tier-3","Tier-3","A","A","","","","","","","","","","","","",""
"A","INT_DSA_TA8","Sejal Pednekar","sejal.25bcs10171@sst.scaler.com","9356523897","A","Venkata Varun Pantangi","26bcs10286","venkata.26bcs10286@sst.scaler.com","Tier-1","Tier-1 Academic (12th)","A","A","","","","","","","","","","","","",""
"A","INT_DSA_TA8","Sejal Pednekar","sejal.25bcs10171@sst.scaler.com","9356523897","A","Vraj Patel","26bcs10192","vraj.26bcs10192@sst.scaler.com","Tier-2","Tier-2","A","A","","","","","","","","","","","","",""
"A","INT_DSA_TA8","Sejal Pednekar","sejal.25bcs10171@sst.scaler.com","9356523897","A","Vraj Vala","26bcs10267","vraj.26bcs10267@sst.scaler.com","Tier-1","Tier-1 Academic (10th)","A","A","","","","","","","","","","","","",""
"C","INT_DSA_TA20","Shivansh Pratap Singh","shivansh.25bcs10112@sst.scaler.com","7651935769","C","Aarush Jaiswal","26bcs10455","aarush.26bcs10455@sst.scaler.com","Tier-2","Tier-2 JEE","C","C","","","","","","","","","","","","",""
"C","INT_DSA_TA20","Shivansh Pratap Singh","shivansh.25bcs10112@sst.scaler.com","7651935769","C","Abhineeth Shankar","26bcs10573","abhineeth.26bcs10573@sst.scaler.com","Tier-2","Tier-2","C","C","","","","","","","","","","","","",""
"C","INT_DSA_TA20","Shivansh Pratap Singh","shivansh.25bcs10112@sst.scaler.com","7651935769","C","Abhishek Tanti","26bcs10534","abhishek.26bcs10534@sst.scaler.com","Tier-2","Tier-2 JEE","C","C","","","","","","","","","","","","",""
"C","INT_DSA_TA20","Shivansh Pratap Singh","shivansh.25bcs10112@sst.scaler.com","7651935769","C","Aditya Sripada Sripada","26bcs10453","aditya.26bcs10453@sst.scaler.com","Tier-1","Tier-1 JEE + Acad (12th)","C","C","","","","","","","","","","","","",""
"C","INT_DSA_TA20","Shivansh Pratap Singh","shivansh.25bcs10112@sst.scaler.com","7651935769","C","Adityasinh Upendrasinh Gohil","26bcs10624","adityasinh.26bcs10624@sst.scaler.com","Tier-3","Tier-3","C","C","","","","","","","","","","","","",""
"C","INT_DSA_TA20","Shivansh Pratap Singh","shivansh.25bcs10112@sst.scaler.com","7651935769","C","Anmol Kumar","26bcs10068","anmol.26bcs10068@sst.scaler.com","Tier-2","Tier-2 JEE","C","C","","","","","","","","","","","","",""
"C","INT_DSA_TA20","Shivansh Pratap Singh","shivansh.25bcs10112@sst.scaler.com","7651935769","C","Arnab Biswas","26bcs10254","arnab.26bcs10254@sst.scaler.com","Tier-3","Tier-3","C","C","","","","","","","","","","","","",""
"C","INT_DSA_TA20","Shivansh Pratap Singh","shivansh.25bcs10112@sst.scaler.com","7651935769","C","Divyanshika Sharma","26bcs10093","divyanshika.26bcs10093@sst.scaler.com","Tier-1","Tier-1 JEE","C","C","","","","","","","","","","","","",""
"C","INT_DSA_TA20","Shivansh Pratap Singh","shivansh.25bcs10112@sst.scaler.com","7651935769","C","Enesh Kailari","26bcs10599","enesh.26bcs10599@sst.scaler.com","Tier-3","Tier-3","C","C","","","","","","","","","","","","",""
"C","INT_DSA_TA20","Shivansh Pratap Singh","shivansh.25bcs10112@sst.scaler.com","7651935769","C","Gongati Naga Varun Kumar","26bcs10483","gongati.26bcs10483@sst.scaler.com","Tier-1","Tier-1 JEE","C","C","","","","","","","","","","","","",""
"C","INT_DSA_TA20","Shivansh Pratap Singh","shivansh.25bcs10112@sst.scaler.com","7651935769","C","Ishan Kirpekar","26bcs10269","ishan.26bcs10269@sst.scaler.com","Tier-2","Tier-2","C","C","","","","","","","","","","","","",""
"C","INT_DSA_TA20","Shivansh Pratap Singh","shivansh.25bcs10112@sst.scaler.com","7651935769","C","Jayvardhan Jaysval","26bcs10054","jayvardhan.26bcs10054@sst.scaler.com","Tier-2","Tier-2","C","C","","","","","","","","","","","","",""
"C","INT_DSA_TA20","Shivansh Pratap Singh","shivansh.25bcs10112@sst.scaler.com","7651935769","C","Kanika Rawat","26bcs10645","kanika.26bcs10645@sst.scaler.com","Tier-3","Tier-3","C","C","","","","","","","","","","","","",""
"C","INT_DSA_TA20","Shivansh Pratap Singh","shivansh.25bcs10112@sst.scaler.com","7651935769","C","Kavya Rakhecha Rakhecha","26bcs10201","kavya.26bcs10201@sst.scaler.com","Tier-1","Tier-1 Academic (12th)","C","C","","","","","","","","","","","","",""
"C","INT_DSA_TA20","Shivansh Pratap Singh","shivansh.25bcs10112@sst.scaler.com","7651935769","C","Kesari Jostna Sri Butta","26bcs10218","kesari.26bcs10218@sst.scaler.com","Tier-2","Tier-2","C","C","","","","","","","","","","","","",""
"C","INT_DSA_TA20","Shivansh Pratap Singh","shivansh.25bcs10112@sst.scaler.com","7651935769","C","Kishan Sai Chittineni Sai Chittineni","26bcs10166","kishan.26bcs10166@sst.scaler.com","Tier-2","Tier-2 JEE","C","C","","","","","","","","","","","","",""
"C","INT_DSA_TA20","Shivansh Pratap Singh","shivansh.25bcs10112@sst.scaler.com","7651935769","C","Koushik Valurouthu Valurouthu","26bcs10411","koushik.26bcs10411@sst.scaler.com","Tier-2","Tier-2","C","C","","","","","","","","","","","","",""
"C","INT_DSA_TA20","Shivansh Pratap Singh","shivansh.25bcs10112@sst.scaler.com","7651935769","C","Krishna Malik","26bcs10141","krishna.26bcs10141@sst.scaler.com","Tier-1","Tier-1 JEE + Acad (10th)","C","C","","","","","","","","","","","","",""
"C","INT_DSA_TA20","Shivansh Pratap Singh","shivansh.25bcs10112@sst.scaler.com","7651935769","C","Maulik Sharma","26bcs10122","maulik.26bcs10122@sst.scaler.com","Tier-1","Tier-1 JEE","C","C","","","","","","","","","","","","",""
"C","INT_DSA_TA20","Shivansh Pratap Singh","shivansh.25bcs10112@sst.scaler.com","7651935769","C","Naveen Verma Verma","26bcs10408","naveen.26bcs10408@sst.scaler.com","Tier-1","Tier-1 JEE","C","C","","","","","","","","","","","","",""
"C","INT_DSA_TA20","Shivansh Pratap Singh","shivansh.25bcs10112@sst.scaler.com","7651935769","C","Neel Vasthav Vasthav","26bcs10569","neel.26bcs10569@sst.scaler.com","Tier-1","Tier-1 JEE","C","C","","","","","","","","","","","","",""
"C","INT_DSA_TA20","Shivansh Pratap Singh","shivansh.25bcs10112@sst.scaler.com","7651935769","C","Neev Kankariya","26bcs10285","neev.26bcs10285@sst.scaler.com","Tier-1","Tier-1 Tech","C","C","","","","","","","","","","","","",""
"C","INT_DSA_TA20","Shivansh Pratap Singh","shivansh.25bcs10112@sst.scaler.com","7651935769","C","Neha Sharma","26bcs10577","neha.26bcs10577@sst.scaler.com","Tier-2","Tier-2","C","C","","","","","","","","","","","","",""
"C","INT_DSA_TA20","Shivansh Pratap Singh","shivansh.25bcs10112@sst.scaler.com","7651935769","C","Nihal Agarwal Agarwal","26bcs10468","nihal.26bcs10468@sst.scaler.com","Tier-1","Tier-1 JEE","C","C","","","","","","","","","","","","",""
"C","INT_DSA_TA20","Shivansh Pratap Singh","shivansh.25bcs10112@sst.scaler.com","7651935769","C","Nihal Mohta Mohta","26bcs10271","nihal.26bcs10271@sst.scaler.com","Tier-2","Tier-2","C","C","","","","","","","","","","","","",""
"C","INT_DSA_TA20","Shivansh Pratap Singh","shivansh.25bcs10112@sst.scaler.com","7651935769","C","Omkar Raju Sarikonda Sarikonda","26bcs10110","omkar.26bcs10110@sst.scaler.com","Tier-1","Tier-1 JEE + Acad (12th)","C","C","","","","","","","","","","","","",""
"C","INT_DSA_TA20","Shivansh Pratap Singh","shivansh.25bcs10112@sst.scaler.com","7651935769","C","Poobesh Sriram K S K S","26bcs10465","poobesh.26bcs10465@sst.scaler.com","Tier-2","Tier-2","C","C","","","","","","","","","","","","",""
"C","INT_DSA_TA20","Shivansh Pratap Singh","shivansh.25bcs10112@sst.scaler.com","7651935769","C","Pranav Kumar","26bcs10532","pranav.26bcs10532@sst.scaler.com","Tier-2","Tier-2 JEE","C","C","","","","","","","","","","","","",""
"C","INT_DSA_TA20","Shivansh Pratap Singh","shivansh.25bcs10112@sst.scaler.com","7651935769","C","Rahamtulla Mohammad","26bcs10323","rahamtulla.26bcs10323@sst.scaler.com","Tier-1","Tier-1 Academic (10th)","C","C","","","","","","","","","","","","",""
"C","INT_DSA_TA20","Shivansh Pratap Singh","shivansh.25bcs10112@sst.scaler.com","7651935769","C","Shashwat Mishra","26bcs10189","shashwat.26bcs10189@sst.scaler.com","Tier-1","Tier-1 Academic (12th)","C","C","","","","","","","","","","","","",""
"C","INT_DSA_TA20","Shivansh Pratap Singh","shivansh.25bcs10112@sst.scaler.com","7651935769","C","Shivam Kulhari","26bcs10333","shivam.26bcs10333@sst.scaler.com","Tier-3","Tier-3","C","C","","","","","","","","","","","","",""
"C","INT_DSA_TA20","Shivansh Pratap Singh","shivansh.25bcs10112@sst.scaler.com","7651935769","C","Subhramanya Trivikrama Abhinav Devisetti Devisetti","26bcs10238","subhramanya.26bcs10238@sst.scaler.com","Tier-1","Tier-1 Academic (12th)","C","C","","","","","","","","","","","","",""
"C","INT_DSA_TA20","Shivansh Pratap Singh","shivansh.25bcs10112@sst.scaler.com","7651935769","C","Vaibhaavi Bhanuse Bhanuse","26bcs10432","vaibhaavi.26bcs10432@sst.scaler.com","Tier-2","Tier-2","C","C","","","","","","","","","","","","",""
"C","INT_DSA_TA20","Shivansh Pratap Singh","shivansh.25bcs10112@sst.scaler.com","7651935769","C","Yahoshuva Kesaboyina","26bcs10296","yahoshuva.26bcs10296@sst.scaler.com","Tier-2","Tier-2","C","C","","","","","","","","","","","","",""
"C","INT_DSA_TA20","Shivansh Pratap Singh","shivansh.25bcs10112@sst.scaler.com","7651935769","C","Yug Choudhary","26bcs10156","yug.26bcs10156@sst.scaler.com","Tier-2","Tier-2","C","C","","","","","","","","","","","","",""
"D","INT_DSA_TA14","Suraj Lakhyani","suraj.25bcs10642@sst.scaler.com","9636386593","A","Aarav Raja","26bcs10674","aarav.26bcs10674@sst.scaler.com","Tier-1","Tier-1 Tech","D","D","","","","","","","","","","","","",""
"D","INT_DSA_TA14","Suraj Lakhyani","suraj.25bcs10642@sst.scaler.com","9636386593","A","Aastha Modi","26bcs10557","aastha.26bcs10557@sst.scaler.com","Tier-1","Tier-1 Academic (12th)","D","D","","","","","","","","","","","","",""
"D","INT_DSA_TA14","Suraj Lakhyani","suraj.25bcs10642@sst.scaler.com","9636386593","A","Aayushman Sharma","26bcs10675","aayushman.26bcs10675@sst.scaler.com","Tier-3","Tier-3","D","D","","","","","","","","","","","","",""
"D","INT_DSA_TA14","Suraj Lakhyani","suraj.25bcs10642@sst.scaler.com","9636386593","A","Abhiruchi Boorugu","26bcs10696","abhiruchi.26bcs10696@sst.scaler.com","Tier-1","Tier-1 Academic (12th)","D","D","","","","","","","","","","","","",""
"D","INT_DSA_TA14","Suraj Lakhyani","suraj.25bcs10642@sst.scaler.com","9636386593","A","Adarsh Kumar Yadav","26bcs10592","adarsh.26bcs10592@sst.scaler.com","Tier-2","Tier-2 JEE","D","D","","","","","","","","","","","","",""
"D","INT_DSA_TA14","Suraj Lakhyani","suraj.25bcs10642@sst.scaler.com","9636386593","A","Adil Kumar Patro","26bcs10610","adil.26bcs10610@sst.scaler.com","Tier-2","Tier-2","D","D","","","","","","","","","","","","",""
"D","INT_DSA_TA14","Suraj Lakhyani","suraj.25bcs10642@sst.scaler.com","9636386593","A","Aditya Nair","26bcs10725","aditya.26bcs10725@sst.scaler.com","Tier-3","Tier-3","D","D","","","","","","","","","","","","",""
"D","INT_DSA_TA14","Suraj Lakhyani","suraj.25bcs10642@sst.scaler.com","9636386593","A","Arnav Pawar","26bcs10310","arnav.26bcs10310@sst.scaler.com","Tier-2","Tier-2","D","D","","","","","","","","","","","","",""
"D","INT_DSA_TA14","Suraj Lakhyani","suraj.25bcs10642@sst.scaler.com","9636386593","A","Atharva Pagare","26bcs10519","atharva.26bcs10519@sst.scaler.com","Tier-1","Tier-1 JEE + Acad (10th)","D","D","","","","","","","","","","","","",""
"D","INT_DSA_TA14","Suraj Lakhyani","suraj.25bcs10642@sst.scaler.com","9636386593","A","B Hitesh Royal","26bcs10600","hitesh.26bcs10600@sst.scaler.com","Tier-1","Tier-1 JEE + Acad (12th)","D","D","","","","","","","","","","","","",""
"D","INT_DSA_TA14","Suraj Lakhyani","suraj.25bcs10642@sst.scaler.com","9636386593","A","Bharath Chandh Kuriti","26bcs10655","bharath.26bcs10655@sst.scaler.com","Tier-1","Tier-1 JEE + Acad (12th)","D","D","","","","","","","","","","","","",""
"D","INT_DSA_TA14","Suraj Lakhyani","suraj.25bcs10642@sst.scaler.com","9636386593","A","Chirag Harjai","26bcs10745","chirag.26bcs10745@sst.scaler.com","Tier-3","Tier-3","D","D","","","","","","","","","","","","",""
"D","INT_DSA_TA14","Suraj Lakhyani","suraj.25bcs10642@sst.scaler.com","9636386593","A","Harsh Jat","26bcs10729","harsh.26bcs10729@sst.scaler.com","Tier-1","Tier-1 JEE","D","D","","","","","","","","","","","","",""
"D","INT_DSA_TA14","Suraj Lakhyani","suraj.25bcs10642@sst.scaler.com","9636386593","A","Italiya Naitik","26bcs10650","italiya.26bcs10650@sst.scaler.com","Tier-1","Tier-1 JEE","D","D","","","","","","","","","","","","",""
"D","INT_DSA_TA14","Suraj Lakhyani","suraj.25bcs10642@sst.scaler.com","9636386593","A","Mohammad Owais","26bcs10559","mohammad.26bcs10559@sst.scaler.com","Tier-2","Tier-2 JEE","D","D","","","","","","","","","","","","",""
"D","INT_DSA_TA14","Suraj Lakhyani","suraj.25bcs10642@sst.scaler.com","9636386593","A","Naman Jain","26bcs10727","naman.26bcs10727@sst.scaler.com","Tier-2","Tier-2","D","D","","","","","","","","","","","","",""
"D","INT_DSA_TA14","Suraj Lakhyani","suraj.25bcs10642@sst.scaler.com","9636386593","A","Nikhil Kumar","26bcs10626","nikhil.26bcs10626@sst.scaler.com","Tier-2","Tier-2 JEE","D","D","","","","","","","","","","","","",""
"D","INT_DSA_TA14","Suraj Lakhyani","suraj.25bcs10642@sst.scaler.com","9636386593","A","Nirvan Menon","26bcs10325","nirvan.26bcs10325@sst.scaler.com","Tier-1","Tier-1 JEE","D","D","","","","","","","","","","","","",""
"D","INT_DSA_TA14","Suraj Lakhyani","suraj.25bcs10642@sst.scaler.com","9636386593","A","Paras Goyal","26bcs10710","paras.26bcs10710@sst.scaler.com","Tier-2","Tier-2","D","D","","","","","","","","","","","","",""
"D","INT_DSA_TA14","Suraj Lakhyani","suraj.25bcs10642@sst.scaler.com","9636386593","A","Pragya Prasad","26bcs10667","pragya.26bcs10667@sst.scaler.com","Tier-3","Tier-3","D","D","","","","","","","","","","","","",""
"D","INT_DSA_TA14","Suraj Lakhyani","suraj.25bcs10642@sst.scaler.com","9636386593","A","Prateek Chandra","26bcs10498","prateek.26bcs10498@sst.scaler.com","Tier-2","Tier-2 JEE","D","D","","","","","","","","","","","","",""
"D","INT_DSA_TA14","Suraj Lakhyani","suraj.25bcs10642@sst.scaler.com","9636386593","A","Rachit Rajput","26bcs10346","rachit.26bcs10346@sst.scaler.com","Tier-1","Tier-1 JEE + Acad (12th)","D","D","","","","","","","","","","","","",""
"D","INT_DSA_TA14","Suraj Lakhyani","suraj.25bcs10642@sst.scaler.com","9636386593","A","Rajeeva Pratham Mj","26bcs10662","rajeeva.26bcs10662@sst.scaler.com","Tier-1","Tier-1 Academic (12th)","D","D","","","","","","","","","","","","",""
"D","INT_DSA_TA14","Suraj Lakhyani","suraj.25bcs10642@sst.scaler.com","9636386593","A","Rishabh Thakur","26bcs10625","rishabh.26bcs10625@sst.scaler.com","Tier-1","Tier-1 Academic (12th)","D","D","","","","","","","","","","","","",""
"D","INT_DSA_TA14","Suraj Lakhyani","suraj.25bcs10642@sst.scaler.com","9636386593","A","Ruder Ahlawat","26bcs10711","ruder.26bcs10711@sst.scaler.com","Tier-3","Tier-3","D","D","","","","","","","","","","","","",""
"D","INT_DSA_TA14","Suraj Lakhyani","suraj.25bcs10642@sst.scaler.com","9636386593","A","Sahil Khan","26bcs10705","sahil.26bcs10705@sst.scaler.com","Tier-1","Tier-1 Tech","D","D","","","","","","","","","","","","",""
"D","INT_DSA_TA14","Suraj Lakhyani","suraj.25bcs10642@sst.scaler.com","9636386593","A","Sajal Hirwani","26bcs10644","sajal.26bcs10644@sst.scaler.com","Tier-2","Tier-2","D","D","","","","","","","","","","","","",""
"D","INT_DSA_TA14","Suraj Lakhyani","suraj.25bcs10642@sst.scaler.com","9636386593","A","Sanjana Saini","26bcs10635","sanjana.26bcs10635@sst.scaler.com","Tier-2","Tier-2","D","D","","","","","","","","","","","","",""
"D","INT_DSA_TA14","Suraj Lakhyani","suraj.25bcs10642@sst.scaler.com","9636386593","A","Sathwik Reddy","26bcs10601","sathwik.26bcs10601@sst.scaler.com","Tier-2","Tier-2","D","D","","","","","","","","","","","","",""
"D","INT_DSA_TA14","Suraj Lakhyani","suraj.25bcs10642@sst.scaler.com","9636386593","A","Shesh Shiromani","26bcs10008","shesh.26bcs10008@sst.scaler.com","Tier-2","Tier-2","D","D","","","","","","","","","","","","",""
"B","INT_DSA_TA9","Swapnil Patil","swapnil.25bcs10619@sst.scaler.com","9881880369","B","Aadit Masrani Masrani","26bcs10075","aadit.26bcs10075@sst.scaler.com","Tier-3","Tier-3","B","B","","","","","","","","","","","","",""
"B","INT_DSA_TA9","Swapnil Patil","swapnil.25bcs10619@sst.scaler.com","9881880369","B","Aaditya Singh Chandrawat","26bcs10564","aaditya.26bcs10564@sst.scaler.com","Tier-2","Tier-2","B","B","","","","","","","","","","","","",""
"B","INT_DSA_TA9","Swapnil Patil","swapnil.25bcs10619@sst.scaler.com","9881880369","B","Aayush Shourya","26bcs10035","aayush.26bcs10035@sst.scaler.com","Tier-2","Tier-2","B","B","","","","","","","","","","","","",""
"B","INT_DSA_TA9","Swapnil Patil","swapnil.25bcs10619@sst.scaler.com","9881880369","B","Aaryan Shourya","26bcs10493","aaryan.26bcs10493@sst.scaler.com","Tier-2","Tier-2","B","B","","","","","","","","","","","","",""
"B","INT_DSA_TA9","Swapnil Patil","swapnil.25bcs10619@sst.scaler.com","9881880369","B","Aditya Naykude","26bcs10357","aditya.26bcs10357@sst.scaler.com","Tier-1","Tier-1 JEE + Acad (10th)","B","B","","","","","","","","","","","","",""
"B","INT_DSA_TA9","Swapnil Patil","swapnil.25bcs10619@sst.scaler.com","9881880369","B","Ahaan Bhardwaj","26bcs10321","ahaan.26bcs10321@sst.scaler.com","Tier-2","Tier-2 JEE","B","B","","","","","","","","","","","","",""
"B","INT_DSA_TA9","Swapnil Patil","swapnil.25bcs10619@sst.scaler.com","9881880369","B","Akshat Agrawal","26bcs10019","akshat.26bcs10019@sst.scaler.com","Tier-2","Tier-2","B","B","","","","","","","","","","","","",""
"B","INT_DSA_TA9","Swapnil Patil","swapnil.25bcs10619@sst.scaler.com","9881880369","B","Ansh Nakrani","26bcs10374","ansh.26bcs10374@sst.scaler.com","Tier-1","Tier-1 JEE","B","B","","","","","","","","","","","","",""
"B","INT_DSA_TA9","Swapnil Patil","swapnil.25bcs10619@sst.scaler.com","9881880369","B","Archit Pati","26bcs10083","archit.26bcs10083@sst.scaler.com","Tier-1","Tier-1 JEE + Acad (10th)","B","B","","","","","","","","","","","","",""
"B","INT_DSA_TA9","Swapnil Patil","swapnil.25bcs10619@sst.scaler.com","9881880369","B","Ashutosh Mohanty","26bcs10421","ashutosh.26bcs10421@sst.scaler.com","Tier-3","Tier-3","B","B","","","","","","","","","","","","",""
"B","INT_DSA_TA9","Swapnil Patil","swapnil.25bcs10619@sst.scaler.com","9881880369","B","Bhargava Chandra","26bcs10003","bhargava.26bcs10003@sst.scaler.com","Tier-2","Tier-2","B","B","","","","","","","","","","","","",""
"B","INT_DSA_TA9","Swapnil Patil","swapnil.25bcs10619@sst.scaler.com","9881880369","B","Jaipal Singh","26bcs10307","jaipal.26bcs10307@sst.scaler.com","Tier-2","Tier-2 JEE","B","B","","","","","","","","","","","","",""
"B","INT_DSA_TA9","Swapnil Patil","swapnil.25bcs10619@sst.scaler.com","9881880369","B","Jyothi Raditya","26bcs10382","jyothi.26bcs10382@sst.scaler.com","Tier-1","Tier-1 Academic (12th)","B","B","","","","","","","","","","","","",""
"B","INT_DSA_TA9","Swapnil Patil","swapnil.25bcs10619@sst.scaler.com","9881880369","B","Kanak Goel","26bcs10225","kanak.26bcs10225@sst.scaler.com","Tier-2","Tier-2 JEE","B","B","","","","","","","","","","","","",""
"B","INT_DSA_TA9","Swapnil Patil","swapnil.25bcs10619@sst.scaler.com","9881880369","B","Keshav Mangla","26bcs10336","keshav.26bcs10336@sst.scaler.com","Tier-1","Tier-1 JEE + Acad (10th)","B","B","","","","","","","","","","","","",""
"B","INT_DSA_TA9","Swapnil Patil","swapnil.25bcs10619@sst.scaler.com","9881880369","B","Kunal Bhardwaj","26bcs10020","kunal.26bcs10020@sst.scaler.com","Tier-2","Tier-2","B","B","","","","","","","","","","","","",""
"B","INT_DSA_TA9","Swapnil Patil","swapnil.25bcs10619@sst.scaler.com","9881880369","B","M.Vignan Chowdary","26bcs10567","m.vignan.26bcs10567@sst.scaler.com","Tier-1","Tier-1 JEE + Acad (10th)","B","B","","","","","","","","","","","","",""
"B","INT_DSA_TA9","Swapnil Patil","swapnil.25bcs10619@sst.scaler.com","9881880369","B","Md Shahid Jamal","26bcs10134","shahid.26bcs10134@sst.scaler.com","Tier-2","Tier-2 JEE","B","B","","","","","","","","","","","","",""
"B","INT_DSA_TA9","Swapnil Patil","swapnil.25bcs10619@sst.scaler.com","9881880369","B","Megh A Patidar","26bcs10547","megh.26bcs10547@sst.scaler.com","Tier-1","Tier-1 JEE","B","B","","","","","","","","","","","","",""
"B","INT_DSA_TA9","Swapnil Patil","swapnil.25bcs10619@sst.scaler.com","9881880369","B","Mudit Mathur","26bcs10340","mudit.26bcs10340@sst.scaler.com","Tier-1","Tier-1 JEE + Acad (10th)","B","B","","","","","","","","","","","","",""
"B","INT_DSA_TA9","Swapnil Patil","swapnil.25bcs10619@sst.scaler.com","9881880369","B","Prisha Agrawal","26bcs10419","prisha.26bcs10419@sst.scaler.com","Tier-2","Tier-2","B","B","","","","","","","","","","","","",""
"B","INT_DSA_TA9","Swapnil Patil","swapnil.25bcs10619@sst.scaler.com","9881880369","B","Pulkit Garg","26bcs10118","pulkit.26bcs10118@sst.scaler.com","Tier-2","Tier-2","B","B","","","","","","","","","","","","",""
"B","INT_DSA_TA9","Swapnil Patil","swapnil.25bcs10619@sst.scaler.com","9881880369","B","Raj Raushan","26bcs10466","raj.26bcs10466@sst.scaler.com","Tier-3","Tier-3","B","B","","","","","","","","","","","","",""
"B","INT_DSA_TA9","Swapnil Patil","swapnil.25bcs10619@sst.scaler.com","9881880369","B","Ramanujam Abhinav Vedhanth","26bcs10563","ramanujam.26bcs10563@sst.scaler.com","Tier-2","Tier-2","B","B","","","","","","","","","","","","",""
"B","INT_DSA_TA9","Swapnil Patil","swapnil.25bcs10619@sst.scaler.com","9881880369","B","Rishabh Rajput","26bcs10506","rishabh.26bcs10506@sst.scaler.com","Tier-3","Tier-3","B","B","","","","","","","","","","","","",""
"B","INT_DSA_TA9","Swapnil Patil","swapnil.25bcs10619@sst.scaler.com","9881880369","B","Rishit Gupta","26bcs10505","rishit.26bcs10505@sst.scaler.com","Tier-1","Tier-1 JEE + Acad (10th)","B","B","","","","","","","","","","","","",""
"B","INT_DSA_TA9","Swapnil Patil","swapnil.25bcs10619@sst.scaler.com","9881880369","B","Shahzeb Akhter","26bcs10301","shahzeb.26bcs10301@sst.scaler.com","Tier-1","Tier-1 JEE","B","B","","","","","","","","","","","","",""
"B","INT_DSA_TA9","Swapnil Patil","swapnil.25bcs10619@sst.scaler.com","9881880369","B","Sharva Kamble","26bcs10391","sharva.26bcs10391@sst.scaler.com","Tier-2","Tier-2 JEE","B","B","","","","","","","","","","","","",""
"B","INT_DSA_TA9","Swapnil Patil","swapnil.25bcs10619@sst.scaler.com","9881880369","B","Shreyansh Sahu","26bcs10045","shreyansh.26bcs10045@sst.scaler.com","Tier-2","Tier-2","B","B","","","","","","","","","","","","",""
"B","INT_DSA_TA9","Swapnil Patil","swapnil.25bcs10619@sst.scaler.com","9881880369","B","Sneha Chavan","26bcs10202","sneha.26bcs10202@sst.scaler.com","Tier-1","Tier-1 JEE","B","B","","","","","","","","","","","","",""
"B","INT_DSA_TA9","Swapnil Patil","swapnil.25bcs10619@sst.scaler.com","9881880369","B","Sourav Mohanty","26bcs10085","sourav.26bcs10085@sst.scaler.com","Tier-2","Tier-2 JEE","B","B","","","","","","","","","","","","",""
"B","INT_DSA_TA9","Swapnil Patil","swapnil.25bcs10619@sst.scaler.com","9881880369","B","Sri Varun Vadisetti","26bcs10492","sri.26bcs10492@sst.scaler.com","Tier-1","Tier-1 JEE + Acad (10th)","B","B","","","","","","","","","","","","",""
"B","INT_DSA_TA9","Swapnil Patil","swapnil.25bcs10619@sst.scaler.com","9881880369","B","Sujay Tikare Tikare","26bcs10095","sujay.26bcs10095@sst.scaler.com","Tier-3","Tier-3","B","B","","","","","","","","","","","","",""
"B","INT_DSA_TA9","Swapnil Patil","swapnil.25bcs10619@sst.scaler.com","9881880369","B","Swati Nagpal","26bcs10163","swati.26bcs10163@sst.scaler.com","Tier-1","Tier-1 JEE + Acad (10th)","B","B","","","","","","","","","","","","",""
"B","INT_DSA_TA9","Swapnil Patil","swapnil.25bcs10619@sst.scaler.com","9881880369","B","Ushabh Kochar","26bcs10344","ushabh.26bcs10344@sst.scaler.com","Tier-2","Tier-2 JEE","B","B","","","","","","","","","","","","",""
"B","INT_DSA_TA9","Swapnil Patil","swapnil.25bcs10619@sst.scaler.com","9881880369","B","Varshith Vemula","26bcs10108","varshith.26bcs10108@sst.scaler.com","Tier-1","Tier-1 Academic (10th)","B","B","","","","","","","","","","","","",""
"B","INT_DSA_TA9","Swapnil Patil","swapnil.25bcs10619@sst.scaler.com","9881880369","B","Suraj Ghumare","","suraj.26bcs10772@sst.scaler.com","","","B","B","","","","","","","","","","","","",""
"C","INT_DSA_TA18","Tirthkumar Savsani","tirthkumar.25bcs10711@sst.scaler.com","7575031818","C","Aaryan Singh Bhoi","26bcs10183","aaryan.26bcs10183@sst.scaler.com","Tier-1","Tier-1 Academic (12th)","C","C","","","","","","","","","","","","",""
"C","INT_DSA_TA18","Tirthkumar Savsani","tirthkumar.25bcs10711@sst.scaler.com","7575031818","C","Aayushman Parmar","26bcs10047","aayushman.26bcs10047@sst.scaler.com","Tier-2","Tier-2","C","C","","","","","","","","","","","","",""
"C","INT_DSA_TA18","Tirthkumar Savsani","tirthkumar.25bcs10711@sst.scaler.com","7575031818","C","Abhisikta Guria","26bcs10056","abhisikta.26bcs10056@sst.scaler.com","Tier-1","Tier-1 Academic (10th)","C","C","","","","","","","","","","","","",""
"C","INT_DSA_TA18","Tirthkumar Savsani","tirthkumar.25bcs10711@sst.scaler.com","7575031818","C","Amar Sriram","26bcs10274","amar.26bcs10274@sst.scaler.com","Tier-1","Tier-1 Academic (10th)","C","C","","","","","","","","","","","","",""
"C","INT_DSA_TA18","Tirthkumar Savsani","tirthkumar.25bcs10711@sst.scaler.com","7575031818","C","Anmol Rana","26bcs10629","anmol.26bcs10629@sst.scaler.com","Tier-3","Tier-3","C","C","","","","","","","","","","","","",""
"C","INT_DSA_TA18","Tirthkumar Savsani","tirthkumar.25bcs10711@sst.scaler.com","7575031818","C","Archit Kesari Kesari","26bcs10523","archit.26bcs10523@sst.scaler.com","Tier-1","Tier-1 JEE","C","C","","","","","","","","","","","","",""
"C","INT_DSA_TA18","Tirthkumar Savsani","tirthkumar.25bcs10711@sst.scaler.com","7575031818","C","Arya Ravindra Koshti","26bcs10491","arya.26bcs10491@sst.scaler.com","Tier-2","Tier-2 JEE","C","C","","","","","","","","","","","","",""
"C","INT_DSA_TA18","Tirthkumar Savsani","tirthkumar.25bcs10711@sst.scaler.com","7575031818","C","Atharva Verma","26bcs10101","atharva.26bcs10101@sst.scaler.com","Tier-2","Tier-2","C","C","","","","","","","","","","","","",""
"C","INT_DSA_TA18","Tirthkumar Savsani","tirthkumar.25bcs10711@sst.scaler.com","7575031818","C","Avneesh Pramod Roy Roy","26bcs10425","avneesh.26bcs10425@sst.scaler.com","Tier-2","Tier-2","C","C","","","","","","","","","","","","",""
"C","INT_DSA_TA18","Tirthkumar Savsani","tirthkumar.25bcs10711@sst.scaler.com","7575031818","C","Avni Nitin Kanade Kanade","26bcs10120","avni.26bcs10120@sst.scaler.com","Tier-1","Tier-1 JEE","C","C","","","","","","","","","","","","",""
"C","INT_DSA_TA18","Tirthkumar Savsani","tirthkumar.25bcs10711@sst.scaler.com","7575031818","C","Ayush Navin","26bcs10398","ayush.26bcs10398@sst.scaler.com","Tier-3","Tier-3","C","C","","","","","","","","","","","","",""
"C","INT_DSA_TA18","Tirthkumar Savsani","tirthkumar.25bcs10711@sst.scaler.com","7575031818","C","Azlan Saiyad","26bcs10230","azlan.26bcs10230@sst.scaler.com","Tier-2","Tier-2","C","C","","","","","","","","","","","","",""
"C","INT_DSA_TA18","Tirthkumar Savsani","tirthkumar.25bcs10711@sst.scaler.com","7575031818","C","Buddabathina Gnanesh","26bcs10482","buddabathina.26bcs10482@sst.scaler.com","Tier-1","Tier-1 Academic (12th)","C","C","","","","","","","","","","","","",""
"C","INT_DSA_TA18","Tirthkumar Savsani","tirthkumar.25bcs10711@sst.scaler.com","7575031818","C","Darshil Tandel Tandel","26bcs10168","darshil.26bcs10168@sst.scaler.com","Tier-1","Tier-1 JEE","C","C","","","","","","","","","","","","",""
"C","INT_DSA_TA18","Tirthkumar Savsani","tirthkumar.25bcs10711@sst.scaler.com","7575031818","C","Dhwani Kherawat","26bcs10049","dhwani.26bcs10049@sst.scaler.com","Tier-1","Tier-1 Academic (12th)","C","C","","","","","","","","","","","","",""
"C","INT_DSA_TA18","Tirthkumar Savsani","tirthkumar.25bcs10711@sst.scaler.com","7575031818","C","Gudelli Nherpam Reddy Reddy","26bcs10414","gudelli.26bcs10414@sst.scaler.com","Tier-1","Tier-1 JEE","C","C","","","","","","","","","","","","",""
"C","INT_DSA_TA18","Tirthkumar Savsani","tirthkumar.25bcs10711@sst.scaler.com","7575031818","C","Guruprasad Revannath Yadav Yadav Yadav","26bcs10437","guruprasad.26bcs10437@sst.scaler.com","Tier-2","Tier-2","C","C","","","","","","","","","","","","",""
"C","INT_DSA_TA18","Tirthkumar Savsani","tirthkumar.25bcs10711@sst.scaler.com","7575031818","C","Haneesh Chava","26bcs10447","haneesh.26bcs10447@sst.scaler.com","Tier-1","Tier-1 JEE + Acad (10th)","C","C","","","","","","","","","","","","",""
"C","INT_DSA_TA18","Tirthkumar Savsani","tirthkumar.25bcs10711@sst.scaler.com","7575031818","C","Hrushikesh Thogiti","26bcs10403","hrushikesh.26bcs10403@sst.scaler.com","Tier-1","Tier-1 Tech","C","C","","","","","","","","","","","","",""
"C","INT_DSA_TA18","Tirthkumar Savsani","tirthkumar.25bcs10711@sst.scaler.com","7575031818","C","Jeffrin Sam R","26bcs10464","jeffrin.26bcs10464@sst.scaler.com","Tier-2","Tier-2","C","C","","","","","","","","","","","","",""
"C","INT_DSA_TA18","Tirthkumar Savsani","tirthkumar.25bcs10711@sst.scaler.com","7575031818","C","Jubin Mazumder","26bcs10153","jubin.26bcs10153@sst.scaler.com","Tier-2","Tier-2","C","C","","","","","","","","","","","","",""
"C","INT_DSA_TA18","Tirthkumar Savsani","tirthkumar.25bcs10711@sst.scaler.com","7575031818","C","Kavin Rathod Rathod","26bcs10420","kavin.26bcs10420@sst.scaler.com","Tier-2","Tier-2 JEE","C","C","","","","","","","","","","","","",""
"C","INT_DSA_TA18","Tirthkumar Savsani","tirthkumar.25bcs10711@sst.scaler.com","7575031818","C","Khimaaya Kashyap Kashyap","26bcs10081","khimaaya.26bcs10081@sst.scaler.com","Tier-2","Tier-2","C","C","","","","","","","","","","","","",""
"C","INT_DSA_TA18","Tirthkumar Savsani","tirthkumar.25bcs10711@sst.scaler.com","7575031818","C","Krittika Khan","26bcs10449","krittika.26bcs10449@sst.scaler.com","Tier-1","Tier-1 JEE","C","C","","","","","","","","","","","","",""
"C","INT_DSA_TA18","Tirthkumar Savsani","tirthkumar.25bcs10711@sst.scaler.com","7575031818","C","Mohd Sahail Shamsi Shamsi","26bcs10130","mohd.26bcs10130@sst.scaler.com","Tier-1","Tier-1 JEE","C","C","","","","","","","","","","","","",""
"C","INT_DSA_TA18","Tirthkumar Savsani","tirthkumar.25bcs10711@sst.scaler.com","7575031818","C","Nabh Mittal","26bcs10033","nabh.26bcs10033@sst.scaler.com","Tier-2","Tier-2","C","C","","","","","","","","","","","","",""
"C","INT_DSA_TA18","Tirthkumar Savsani","tirthkumar.25bcs10711@sst.scaler.com","7575031818","C","Ojas Antil","26bcs10643","ojas.26bcs10643@sst.scaler.com","Tier-3","Tier-3","C","C","","","","","","","","","","","","",""
"C","INT_DSA_TA18","Tirthkumar Savsani","tirthkumar.25bcs10711@sst.scaler.com","7575031818","C","Piyush Mondal","26bcs10401","piyush.26bcs10401@sst.scaler.com","Tier-2","Tier-2 JEE","C","C","","","","","","","","","","","","",""
"C","INT_DSA_TA18","Tirthkumar Savsani","tirthkumar.25bcs10711@sst.scaler.com","7575031818","C","PRAGNYA Das","26bcs10059","pragnya.26bcs10059@sst.scaler.com","Tier-3","Tier-3","C","C","","","","","","","","","","","","",""
"C","INT_DSA_TA18","Tirthkumar Savsani","tirthkumar.25bcs10711@sst.scaler.com","7575031818","C","Pritam Prasad","26bcs10339","pritam.26bcs10339@sst.scaler.com","Tier-2","Tier-2","C","C","","","","","","","","","","","","",""
"C","INT_DSA_TA18","Tirthkumar Savsani","tirthkumar.25bcs10711@sst.scaler.com","7575031818","C","Rafey Patel","26bcs10456","rafey.26bcs10456@sst.scaler.com","Tier-2","Tier-2","C","C","","","","","","","","","","","","",""
"C","INT_DSA_TA18","Tirthkumar Savsani","tirthkumar.25bcs10711@sst.scaler.com","7575031818","C","Ramnani Meet","26bcs10142","ramnani.26bcs10142@sst.scaler.com","Tier-1","Tier-1 JEE","C","C","","","","","","","","","","","","",""
"C","INT_DSA_TA18","Tirthkumar Savsani","tirthkumar.25bcs10711@sst.scaler.com","7575031818","C","Shivraj Singh","26bcs10619","shivraj.26bcs10619@sst.scaler.com","Tier-3","Tier-3","C","C","","","","","","","","","","","","",""
"C","INT_DSA_TA18","Tirthkumar Savsani","tirthkumar.25bcs10711@sst.scaler.com","7575031818","C","Yugandhar Bhatlawande","26bcs10664","yugandhar.26bcs10664@sst.scaler.com","Tier-3","Tier-3","C","C","","","","","","","","","","","","",""
"C","INT_DSA_TA18","Tirthkumar Savsani","tirthkumar.25bcs10711@sst.scaler.com","7575031818","C","Majeti Vinayaka Subramanya Srinivasa Subramanya Srinivasa","26bcs10410","majeti.26bcs10410@sst.scaler.com","Tier-2","Tier-2 JEE","C","C","","","","","","","","","","","","",""
"C","INT_DSA_TA18","Tirthkumar Savsani","tirthkumar.25bcs10711@sst.scaler.com","7575031818","C","Satwinderjeet Singh Sidhu","26bcs10718","satwinderjeet.26bcs10718@sst.scaler.com","Tier-3","Tier-3","C","C","","","","","","","","","","","","",""
"B","INT_DSA_TA12","Tushar Choudhary","tushar.25bcs10221@sst.scaler.com","8754138462","B","Aashman Agrawal","26bcs10740","aashman.26bcs10740@sst.scaler.com","Tier-2","Tier-2","B","B","","","","","","","","","","","","",""
"B","INT_DSA_TA12","Tushar Choudhary","tushar.25bcs10221@sst.scaler.com","8754138462","B","Abhinav Suneja","26bcs10262","abhinav.26bcs10262@sst.scaler.com","Tier-1","Tier-1 Academic (10th)","B","B","","","","","","","","","","","","",""
"B","INT_DSA_TA12","Tushar Choudhary","tushar.25bcs10221@sst.scaler.com","8754138462","B","Aditya Kumar Bothra","26bcs10032","aditya.26bcs10032@sst.scaler.com","Tier-2","Tier-2 JEE","B","B","","","","","","","","","","","","",""
"B","INT_DSA_TA12","Tushar Choudhary","tushar.25bcs10221@sst.scaler.com","8754138462","B","Arghadeep Bera Bera","26bcs10167","arghadeep.26bcs10167@sst.scaler.com","Tier-3","Tier-3","B","B","","","","","","","","","","","","",""
"B","INT_DSA_TA12","Tushar Choudhary","tushar.25bcs10221@sst.scaler.com","8754138462","B","Ariya Katti","26bcs10112","ariya.26bcs10112@sst.scaler.com","Tier-2","Tier-2 JEE","B","B","","","","","","","","","","","","",""
"B","INT_DSA_TA12","Tushar Choudhary","tushar.25bcs10221@sst.scaler.com","8754138462","B","Arpit Chandrakar","26bcs10322","arpit.26bcs10322@sst.scaler.com","Tier-1","Tier-1 JEE","B","B","","","","","","","","","","","","",""
"B","INT_DSA_TA12","Tushar Choudhary","tushar.25bcs10221@sst.scaler.com","8754138462","B","Asheeth A","26bcs10343","asheeth.26bcs10343@sst.scaler.com","Tier-1","Tier-1 JEE + Acad (12th)","B","B","","","","","","","","","","","","",""
"B","INT_DSA_TA12","Tushar Choudhary","tushar.25bcs10221@sst.scaler.com","8754138462","B","Darsh Vyas","26bcs10208","darsh.26bcs10208@sst.scaler.com","Tier-1","Tier-1 JEE","B","B","","","","","","","","","","","","",""
"B","INT_DSA_TA12","Tushar Choudhary","tushar.25bcs10221@sst.scaler.com","8754138462","B","Dev Agarwal","26bcs10481","dev.26bcs10481@sst.scaler.com","Tier-1","Tier-1 JEE + Acad (10th)","B","B","","","","","","","","","","","","",""
"B","INT_DSA_TA12","Tushar Choudhary","tushar.25bcs10221@sst.scaler.com","8754138462","B","Dhruv Yadav","26bcs10137","dhruv.26bcs10137@sst.scaler.com","Tier-2","Tier-2","B","B","","","","","","","","","","","","",""
"B","INT_DSA_TA12","Tushar Choudhary","tushar.25bcs10221@sst.scaler.com","8754138462","B","Gundlapalli Kousthub Krishna","26bcs10039","gundlapalli.26bcs10039@sst.scaler.com","Tier-1","Tier-1 Academic (10th)","B","B","","","","","","","","","","","","",""
"B","INT_DSA_TA12","Tushar Choudhary","tushar.25bcs10221@sst.scaler.com","8754138462","B","Harshwardhan Chouhan","26bcs10138","harshwardhan.26bcs10138@sst.scaler.com","Tier-2","Tier-2","B","B","","","","","","","","","","","","",""
"B","INT_DSA_TA12","Tushar Choudhary","tushar.25bcs10221@sst.scaler.com","8754138462","B","Hasibmohammad Umatia","26bcs10070","hasibmohammad.26bcs10070@sst.scaler.com","Tier-2","Tier-2","B","B","","","","","","","","","","","","",""
"B","INT_DSA_TA12","Tushar Choudhary","tushar.25bcs10221@sst.scaler.com","8754138462","B","Ipshita Pandey","26bcs10510","ipshita.26bcs10510@sst.scaler.com","Tier-1","Tier-1 Academic (10th)","B","B","","","","","","","","","","","","",""
"B","INT_DSA_TA12","Tushar Choudhary","tushar.25bcs10221@sst.scaler.com","8754138462","B","Ishit Patel","26bcs10324","ishit.26bcs10324@sst.scaler.com","Tier-2","Tier-2 JEE","B","B","","","","","","","","","","","","",""
"B","INT_DSA_TA12","Tushar Choudhary","tushar.25bcs10221@sst.scaler.com","8754138462","B","Iyham Barange Barange","26bcs10315","iyham.26bcs10315@sst.scaler.com","Tier-3","Tier-3","B","B","","","","","","","","","","","","",""
"B","INT_DSA_TA12","Tushar Choudhary","tushar.25bcs10221@sst.scaler.com","8754138462","B","Jai Varma Varma","26bcs10367","jai.26bcs10367@sst.scaler.com","Tier-1","Tier-1 Academic (12th)","B","B","","","","","","","","","","","","",""
"B","INT_DSA_TA12","Tushar Choudhary","tushar.25bcs10221@sst.scaler.com","8754138462","B","Lavanya Tiwari","26bcs10143","lavanya.26bcs10143@sst.scaler.com","Tier-2","Tier-2","B","B","","","","","","","","","","","","",""
"B","INT_DSA_TA12","Tushar Choudhary","tushar.25bcs10221@sst.scaler.com","8754138462","B","Marvik Patel","26bcs10067","marvik.26bcs10067@sst.scaler.com","Tier-1","Tier-1 JEE","B","B","","","","","","","","","","","","",""
"B","INT_DSA_TA12","Tushar Choudhary","tushar.25bcs10221@sst.scaler.com","8754138462","B","Mohammad Anas Alam","26bcs10194","mohammad.26bcs10194@sst.scaler.com","Tier-2","Tier-2","B","B","","","","","","","","","","","","",""
"B","INT_DSA_TA12","Tushar Choudhary","tushar.25bcs10221@sst.scaler.com","8754138462","B","Naga Sai Purandhar Katikireddy","26bcs10147","naga.26bcs10147@sst.scaler.com","Tier-2","Tier-2","B","B","","","","","","","","","","","","",""
"B","INT_DSA_TA12","Tushar Choudhary","tushar.25bcs10221@sst.scaler.com","8754138462","B","Pranav Rawal","26bcs10431","pranav.26bcs10431@sst.scaler.com","Tier-3","Tier-3","B","B","","","","","","","","","","","","",""
"B","INT_DSA_TA12","Tushar Choudhary","tushar.25bcs10221@sst.scaler.com","8754138462","B","Pratishtha Pratishtha","26bcs10247","pratishtha.26bcs10247@sst.scaler.com","Tier-2","Tier-2 JEE","B","B","","","","","","","","","","","","",""
"B","INT_DSA_TA12","Tushar Choudhary","tushar.25bcs10221@sst.scaler.com","8754138462","B","Prerit Prerit","26bcs10570","prerit.26bcs10570@sst.scaler.com","Tier-2","Tier-2 JEE","B","B","","","","","","","","","","","","",""
"B","INT_DSA_TA12","Tushar Choudhary","tushar.25bcs10221@sst.scaler.com","8754138462","B","Priyansh Khandelwal","26bcs10304","priyansh.26bcs10304@sst.scaler.com","Tier-2","Tier-2 JEE","B","B","","","","","","","","","","","","",""
"B","INT_DSA_TA12","Tushar Choudhary","tushar.25bcs10221@sst.scaler.com","8754138462","B","Ragul Rv","26bcs10574","ragul.26bcs10574@sst.scaler.com","Tier-3","Tier-3","B","B","","","","","","","","","","","","",""
"B","INT_DSA_TA12","Tushar Choudhary","tushar.25bcs10221@sst.scaler.com","8754138462","B","Rahul Revanth","26bcs10686","rahul.26bcs10686@sst.scaler.com","Tier-1","Tier-1 JEE","B","B","","","","","","","","","","","","",""
"B","INT_DSA_TA12","Tushar Choudhary","tushar.25bcs10221@sst.scaler.com","8754138462","B","Ritwanjay Pounikar","26bcs10395","ritwanjay.26bcs10395@sst.scaler.com","Tier-1","Tier-1 JEE + Acad (10th)","B","B","","","","","","","","","","","","",""
"B","INT_DSA_TA12","Tushar Choudhary","tushar.25bcs10221@sst.scaler.com","8754138462","B","Rohan Kumar","26bcs10334","rohan.26bcs10334@sst.scaler.com","Tier-2","Tier-2 JEE","B","B","","","","","","","","","","","","",""
"B","INT_DSA_TA12","Tushar Choudhary","tushar.25bcs10221@sst.scaler.com","8754138462","B","Shaik Chowdur Azma Aafreen","26bcs10385","shaik.26bcs10385@sst.scaler.com","Tier-1","Tier-1 Academic (12th)","B","B","","","","","","","","","","","","",""
"B","INT_DSA_TA12","Tushar Choudhary","tushar.25bcs10221@sst.scaler.com","8754138462","B","Shivendra Singh","26bcs10366","shivendra.26bcs10366@sst.scaler.com","Tier-2","Tier-2","B","B","","","","","","","","","","","","",""
"B","INT_DSA_TA12","Tushar Choudhary","tushar.25bcs10221@sst.scaler.com","8754138462","B","Shreyansh Soni","26bcs10260","shreyansh.26bcs10260@sst.scaler.com","Tier-2","Tier-2","B","B","","","","","","","","","","","","",""
"B","INT_DSA_TA12","Tushar Choudhary","tushar.25bcs10221@sst.scaler.com","8754138462","B","Siya Sangtani","26bcs10362","siya.26bcs10362@sst.scaler.com","Tier-1","Tier-1 JEE + Acad (10th)","B","B","","","","","","","","","","","","",""
"B","INT_DSA_TA12","Tushar Choudhary","tushar.25bcs10221@sst.scaler.com","8754138462","B","Vankadara Hari Suhas","26bcs10106","vankadara.26bcs10106@sst.scaler.com","Tier-2","Tier-2","B","B","","","","","","","","","","","","",""
"B","INT_DSA_TA12","Tushar Choudhary","tushar.25bcs10221@sst.scaler.com","8754138462","B","Veerendra Appajigol","26bcs10082","veerendra.26bcs10082@sst.scaler.com","Tier-1","Tier-1 JEE + Acad (12th)","B","B","","","","","","","","","","","","",""
"B","INT_DSA_TA12","Tushar Choudhary","tushar.25bcs10221@sst.scaler.com","8754138462","B","Vineet Baranwal","26bcs10422","vineet.26bcs10422@sst.scaler.com","Tier-3","Tier-3","B","B","","","","","","","","","","","","",""
"","INT_DSA_TA21","Dhruv Brahmbhatt","dhruv.25bcs10324@sst.scaler.com","","","Aroop Bhattacharyya","","aroop.26bcs10797@sst.scaler.com","","","E","E","","","","","","","","","","","","",""
"","INT_DSA_TA21","Dhruv Brahmbhatt","dhruv.25bcs10324@sst.scaler.com","","","Mehakpreet Singh","","mehakpreet.26bcs10368@sst.scaler.com","","","E","E","","","","","","","","","","","","",""
"","INT_DSA_TA21","Dhruv Brahmbhatt","dhruv.25bcs10324@sst.scaler.com","","","Siddhartha Datta","","siddhartha.26bcs10689@sst.scaler.com","","","E","E","","","","","","","","","","","","",""
"","INT_DSA_TA21","Dhruv Brahmbhatt","dhruv.25bcs10324@sst.scaler.com","","","Krishna Aditya Das","","krishna.26bcs10712@sst.scaler.com","","","E","E","","","","","","","","","","","","",""
"","INT_DSA_TA21","Dhruv Brahmbhatt","dhruv.25bcs10324@sst.scaler.com","","","Indrajeet Indrajeet","","indrajeet.26bcs10730@sst.scaler.com","","","E","E","","","","","","","","","","","","",""
"","INT_DSA_TA21","Dhruv Brahmbhatt","dhruv.25bcs10324@sst.scaler.com","","","Swapnil Jaiswal","","swapnil.26bcs10746@sst.scaler.com","","","E","E","","","","","","","","","","","","",""
"","INT_DSA_TA21","Dhruv Brahmbhatt","dhruv.25bcs10324@sst.scaler.com","","","Shivanshi Singh","","shivanshi.26bcs10738@sst.scaler.com","","","E","E","","","","","","","","","","","","",""
"","INT_DSA_TA21","Dhruv Brahmbhatt","dhruv.25bcs10324@sst.scaler.com","","","Saloni Porwal","","saloni.26bcs10774@sst.scaler.com","","","E","E","","","","","","","","","","","","",""
"","INT_DSA_TA21","Dhruv Brahmbhatt","dhruv.25bcs10324@sst.scaler.com","","","Akshay Pratap Singh","","akshay.26bcs10776@sst.scaler.com","","","E","E","","","","","","","","","","","","",""
"","INT_DSA_TA21","Dhruv Brahmbhatt","dhruv.25bcs10324@sst.scaler.com","","","Onkar Shinde","","onkar.26bcs10819@sst.scaler.com","","","E","E","","","","","","","","","","","","",""
"","INT_DSA_TA21","Dhruv Brahmbhatt","dhruv.25bcs10324@sst.scaler.com","","","Aditya Kumar","","aditya.26bcs10820@sst.scaler.com","","","E","E","","","","","","","","","","","","",""
"","INT_DSA_TA21","Dhruv Brahmbhatt","dhruv.25bcs10324@sst.scaler.com","","","Priyanshu Kukadiya","","priyanshu.26bcs10835@sst.scaler.com","","","E","E","","","","","","","","","","","","",""
"","INT_DSA_TA21","Dhruv Brahmbhatt","dhruv.25bcs10324@sst.scaler.com","","","Darshan Vyas","","darshan.26bcs10837@sst.scaler.com","","","E","E","","","","","","","","","","","","",""
"","INT_DSA_TA21","Dhruv Brahmbhatt","dhruv.25bcs10324@sst.scaler.com","","","Mahi Raja Singh","","mahi.26bcs10838@sst.scaler.com","","","E","E","","","","","","","","","","","","",""
"","INT_DSA_TA21","Dhruv Brahmbhatt","dhruv.25bcs10324@sst.scaler.com","","","B T Shravani Shravani","","shravani.26bcs10446@sst.scaler.com","","","E","E","","","","","","","","","","","","",""
"","INT_DSA_TA21","Dhruv Brahmbhatt","dhruv.25bcs10324@sst.scaler.com","","","Vedic Mahanandani","","vedic.26bcs10760@sst.scaler.com","","","E","E","","","","","","","","","","","","",""
"","INT_DSA_TA21","Dhruv Brahmbhatt","dhruv.25bcs10324@sst.scaler.com","","","Pooja Kumari","","pooja.26bcs10752@sst.scaler.com","","","E","E","","","","","","","","","","","","",""
"","INT_DSA_TA21","Dhruv Brahmbhatt","dhruv.25bcs10324@sst.scaler.com","","","Motupalli Hemanth Kumar","","motupalli.26bcs10759@sst.scaler.com","","","E","E","","","","","","","","","","","","",""
"","INT_DSA_TA21","Dhruv Brahmbhatt","dhruv.25bcs10324@sst.scaler.com","","","Tejas Sangle","","tejas.26bcs10791@sst.scaler.com","","","E","E","","","","","","","","","","","","",""
"","INT_DSA_TA21","Dhruv Brahmbhatt","dhruv.25bcs10324@sst.scaler.com","","","Vijay Raj","","vijay.26bcs10792@sst.scaler.com","","","E","E","","","","","","","","","","","","",""
"","INT_DSA_TA21","Dhruv Brahmbhatt","dhruv.25bcs10324@sst.scaler.com","","","Gopesh Pandey","","gopesh.26bcs10802@sst.scaler.com","","","E","E","","","","","","","","","","","","",""
"","INT_DSA_TA21","Dhruv Brahmbhatt","dhruv.25bcs10324@sst.scaler.com","","","Piyush Baid","","piyush.26bcs10769@sst.scaler.com","","","E","E","","","","","","","","","","","","",""
"","INT_DSA_TA21","Dhruv Brahmbhatt","dhruv.25bcs10324@sst.scaler.com","","","Nagoor Vali","","nagoor.26bcs10808@sst.scaler.com","","","E","E","","","","","","","","","","","","",""
"","INT_DSA_TA21","Dhruv Brahmbhatt","dhruv.25bcs10324@sst.scaler.com","","","Chirantana Kh","","chirantana.26bcs10809@sst.scaler.com","","","E","E","","","","","","","","","","","","",""
"","INT_DSA_TA21","Dhruv Brahmbhatt","dhruv.25bcs10324@sst.scaler.com","","","Raghava Sv","","raghava.26bcs10810@sst.scaler.com","","","E","E","","","","","","","","","","","","",""
"","INT_DSA_TA21","Dhruv Brahmbhatt","dhruv.25bcs10324@sst.scaler.com","","","Sharag Raghavendra Uppunda","","sharag.26bcs10811@sst.scaler.com","","","E","E","","","","","","","","","","","","",""
"","INT_DSA_TA21","Dhruv Brahmbhatt","dhruv.25bcs10324@sst.scaler.com","","","Devarakonda Sreekruth","","devarakonda.26bcs10812@sst.scaler.com","","","E","E","","","","","","","","","","","","",""
"","INT_DSA_TA21","Dhruv Brahmbhatt","dhruv.25bcs10324@sst.scaler.com","","","Aayush Arora","","aayush.26bcs10813@sst.scaler.com","","","E","E","","","","","","","","","","","","",""
"","INT_DSA_TA21","Dhruv Brahmbhatt","dhruv.25bcs10324@sst.scaler.com","","","Vedali Bansal","","vedali.26bcs10832@sst.scaler.com","","","E","E","","","","","","","","","","","","",""
"","INT_DSA_TA21","Dhruv Brahmbhatt","dhruv.25bcs10324@sst.scaler.com","","","D Md Muzammil","","md.26bcs10833@sst.scaler.com","","","E","E","","","","","","","","","","","","",""
"","INT_DSA_TA21","Dhruv Brahmbhatt","dhruv.25bcs10324@sst.scaler.com","","","Shadan Akhtar","","shadan.26bcs10509@sst.scaler.com","","","E","E","","","","","","","","","","","","",""
"","INT_DSA_TA21","Dhruv Brahmbhatt","dhruv.25bcs10324@sst.scaler.com","","","Md Najeeb Firdausi","","najeeb.26bcs10503@sst.scaler.com","","","E","E","","","","","","","","","","","","",""
"","INT_DSA_TA21","Dhruv Brahmbhatt","dhruv.25bcs10324@sst.scaler.com","","","Faiz Ahmed Abdul Laique","","faiz.26bcs10742@sst.scaler.com","","","E","E","","","","","","","","","","","","",""
"","INT_DSA_TA21","Dhruv Brahmbhatt","dhruv.25bcs10324@sst.scaler.com","","","Abtahee Kaazim Sikdar","","abtahee.26bcs10743@sst.scaler.com","","","E","E","","","","","","","","","","","","",""
"","INT_DSA_TA22","Varun Patil","varun.25bcs10213@sst.scaler.com","6364450108","","Satvik Kuchhal","","satvik.26bcs10780@sst.scaler.com","","","E","E","","","","","","","","","","","","",""
"","INT_DSA_TA22","Varun Patil","varun.25bcs10213@sst.scaler.com","6364450108","","Soham Singh","","soham.26bcs10781@sst.scaler.com","","","E","E","","","","","","","","","","","","",""
"","INT_DSA_TA22","Varun Patil","varun.25bcs10213@sst.scaler.com","6364450108","","Utkarsh Singh","","utkarsh.26bcs10782@sst.scaler.com","","","E","E","","","","","","","","","","","","",""
"","INT_DSA_TA22","Varun Patil","varun.25bcs10213@sst.scaler.com","6364450108","","Uday Kumar","","uday.26bcs10764@sst.scaler.com","","","E","E","","","","","","","","","","","","",""
"","INT_DSA_TA22","Varun Patil","varun.25bcs10213@sst.scaler.com","6364450108","","Tanay Agarwal","","tanay.26bcs10783@sst.scaler.com","","","E","E","","","","","","","","","","","","",""
"","INT_DSA_TA22","Varun Patil","varun.25bcs10213@sst.scaler.com","6364450108","","Agam Bansal","","agam.26bcs10765@sst.scaler.com","","","E","E","","","","","","","","","","","","",""
"","INT_DSA_TA22","Varun Patil","varun.25bcs10213@sst.scaler.com","6364450108","","Sanyam Surana","","sanyam.26bcs10795@sst.scaler.com","","","E","E","","","","","","","","","","","","",""
"","INT_DSA_TA22","Varun Patil","varun.25bcs10213@sst.scaler.com","6364450108","","Zoheb Dalal","","zoheb.26bcs10803@sst.scaler.com","","","E","E","","","","","","","","","","","","",""
"","INT_DSA_TA22","Varun Patil","varun.25bcs10213@sst.scaler.com","6364450108","","Rudra Verma","","rudra.26bcs10804@sst.scaler.com","","","E","E","","","","","","","","","","","","",""
"","INT_DSA_TA22","Varun Patil","varun.25bcs10213@sst.scaler.com","6364450108","","Abhrajit Nath","","abhrajit.26bcs10805@sst.scaler.com","","","E","E","","","","","","","","","","","","",""
"","INT_DSA_TA22","Varun Patil","varun.25bcs10213@sst.scaler.com","6364450108","","Tapas Sharma","","tapas.26bcs10806@sst.scaler.com","","","E","E","","","","","","","","","","","","",""
"","INT_DSA_TA22","Varun Patil","varun.25bcs10213@sst.scaler.com","6364450108","","Aashna Gupta","","aashna.26bcs10827@sst.scaler.com","","","E","E","","","","","","","","","","","","",""
"","INT_DSA_TA22","Varun Patil","varun.25bcs10213@sst.scaler.com","6364450108","","Tusar Saini","","tusar.26bcs10828@sst.scaler.com","","","E","E","","","","","","","","","","","","",""
"","INT_DSA_TA22","Varun Patil","varun.25bcs10213@sst.scaler.com","6364450108","","Ramesh Suthar","","ramesh.26bcs10829@sst.scaler.com","","","E","E","","","","","","","","","","","","",""
"","INT_DSA_TA22","Varun Patil","varun.25bcs10213@sst.scaler.com","6364450108","","Aditya Raj Singh","","aditya.26bcs10830@sst.scaler.com","","","E","E","","","","","","","","","","","","",""
"","INT_DSA_TA22","Varun Patil","varun.25bcs10213@sst.scaler.com","6364450108","","Ridham Parakh","","ridham.26bcs10753@sst.scaler.com","","","E","E","","","","","","","","","","","","",""
"","INT_DSA_TA22","Varun Patil","varun.25bcs10213@sst.scaler.com","6364450108","","Aniket Kapase","","aniket.26bcs10754@sst.scaler.com","","","E","E","","","","","","","","","","","","",""
"","INT_DSA_TA22","Varun Patil","varun.25bcs10213@sst.scaler.com","6364450108","","Yash Awachar","","yash.26bcs10800@sst.scaler.com","","","E","E","","","","","","","","","","","","",""
"","INT_DSA_TA22","Varun Patil","varun.25bcs10213@sst.scaler.com","6364450108","","Sarika Veeramalla","","veeramalla.26bcs10793@sst.scaler.com","","","E","E","","","","","","","","","","","","",""
"","INT_DSA_TA22","Varun Patil","varun.25bcs10213@sst.scaler.com","6364450108","","Saiyam Jain","","saiyam.26bcs10794@sst.scaler.com","","","E","E","","","","","","","","","","","","",""
"","INT_DSA_TA22","Varun Patil","varun.25bcs10213@sst.scaler.com","6364450108","","Kavya Gaikar","","kavya.26bcs10770@sst.scaler.com","","","E","E","","","","","","","","","","","","",""
"","INT_DSA_TA22","Varun Patil","varun.25bcs10213@sst.scaler.com","6364450108","","Anant Arora","","anant.26bcs10814@sst.scaler.com","","","E","E","","","","","","","","","","","","",""
"","INT_DSA_TA22","Varun Patil","varun.25bcs10213@sst.scaler.com","6364450108","","Manas Kiran","","manas.26bcs10815@sst.scaler.com","","","E","E","","","","","","","","","","","","",""
"","INT_DSA_TA22","Varun Patil","varun.25bcs10213@sst.scaler.com","6364450108","","Balaji Karri","","karri.26bcs10796@sst.scaler.com","","","E","E","","","","","","","","","","","","",""
"","INT_DSA_TA22","Varun Patil","varun.25bcs10213@sst.scaler.com","6364450108","","Goutham Amrutha","","goutham.26bcs10816@sst.scaler.com","","","E","E","","","","","","","","","","","","",""
"","INT_DSA_TA22","Varun Patil","varun.25bcs10213@sst.scaler.com","6364450108","","Tanay Agarwal","","tanay.26bcs10688@sst.scaler.com","","","E","E","","","","","","","","","","","","",""
"","INT_DSA_TA22","Varun Patil","varun.25bcs10213@sst.scaler.com","6364450108","","Vibhor Agarwal","","vibhor.26bcs10798@sst.scaler.com","","","E","E","","","","","","","","","","","","",""
"","INT_DSA_TA22","Varun Patil","varun.25bcs10213@sst.scaler.com","6364450108","","Saatwik Vaish","","saatwik.26bcs10784@sst.scaler.com","","","E","E","","","","","","","","","","","","",""
"","INT_DSA_TA22","Varun Patil","varun.25bcs10213@sst.scaler.com","6364450108","","Rupesh Aher","","rupesh.26bcs10785@sst.scaler.com","","","E","E","","","","","","","","","","","","",""
"","INT_DSA_TA22","Varun Patil","varun.25bcs10213@sst.scaler.com","6364450108","","Mahatva Vij","","mahatva.26bcs10786@sst.scaler.com","","","E","E","","","","","","","","","","","","",""
"","INT_DSA_TA22","Varun Patil","varun.25bcs10213@sst.scaler.com","6364450108","","Om Pant","","om.26bcs10442@sst.scaler.com","","","E","E","","","","","","","","","","","","",""
"","INT_DSA_TA22","Varun Patil","varun.25bcs10213@sst.scaler.com","6364450108","","Shivansh Sahu","","shivansh.26bcs10544@sst.scaler.com","","","E","E","","","","","","","","","","","","",""
"","INT_DSA_TA22","Varun Patil","varun.25bcs10213@sst.scaler.com","6364450108","","Anshika Awasthi","","anshika.26bcs10717@sst.scaler.com","","","E","E","","","","","","","","","","","","",""
"","INT_DSA_TA22","Varun Patil","varun.25bcs10213@sst.scaler.com","6364450108","","Atharv Agarwal","","atharv.26bcs10778@sst.scaler.com","","","E","E","","","","","","","","","","","","",""
"","INT_DSA_TA23","Manav Saraf","manav.25bcs10602@sst.scaler.com","8962937335","","Ananya Kumar Kumar","","ananya.26bcs10787@sst.scaler.com","","","E","E","","","","","","","","","","","","",""
"","INT_DSA_TA23","Manav Saraf","manav.25bcs10602@sst.scaler.com","8962937335","","Devansh Goyal","","devansh.26bcs10767@sst.scaler.com","","","E","E","","","","","","","","","","","","",""
"","INT_DSA_TA23","Manav Saraf","manav.25bcs10602@sst.scaler.com","8962937335","","Parth Agrawal","","parth.26bcs10788@sst.scaler.com","","","E","E","","","","","","","","","","","","",""
"","INT_DSA_TA23","Manav Saraf","manav.25bcs10602@sst.scaler.com","8962937335","","Aditya Hooda","","aditya.26bcs10789@sst.scaler.com","","","E","E","","","","","","","","","","","","",""
"","INT_DSA_TA23","Manav Saraf","manav.25bcs10602@sst.scaler.com","8962937335","","Vikram Patel","","vikram.26bcs10790@sst.scaler.com","","","E","E","","","","","","","","","","","","",""
"","INT_DSA_TA23","Manav Saraf","manav.25bcs10602@sst.scaler.com","8962937335","","Ashish","","ashish.26bcs10538@sst.scaler.com","","","E","E","","","","","","","","","","","","",""
"","INT_DSA_TA23","Manav Saraf","manav.25bcs10602@sst.scaler.com","8962937335","","Navneet Singh","","navneet.26bcs10539@sst.scaler.com","","","E","E","","","","","","","","","","","","",""
"","INT_DSA_TA23","Manav Saraf","manav.25bcs10602@sst.scaler.com","8962937335","","Rajkumar Lokadhyaksha","","rajkumar.26bcs10799@sst.scaler.com","","","E","E","","","","","","","","","","","","",""
"","INT_DSA_TA23","Manav Saraf","manav.25bcs10602@sst.scaler.com","8962937335","","Ujjwal Solanki","","ujjwal.26bcs10758@sst.scaler.com","","","E","E","","","","","","","","","","","","",""
"","INT_DSA_TA23","Manav Saraf","manav.25bcs10602@sst.scaler.com","8962937335","","Aditya Sinha","","aditya.26bcs10735@sst.scaler.com","","","E","E","","","","","","","","","","","","",""
"","INT_DSA_TA23","Manav Saraf","manav.25bcs10602@sst.scaler.com","8962937335","","Ashok Kumar Ghosh","","ashok.26bcs10748@sst.scaler.com","","","E","E","","","","","","","","","","","","",""
"","INT_DSA_TA23","Manav Saraf","manav.25bcs10602@sst.scaler.com","8962937335","","Sittu Kumar Sittu Kumar","","sittu.26bcs10750@sst.scaler.com","","","E","E","","","","","","","","","","","","",""
"","INT_DSA_TA23","Manav Saraf","manav.25bcs10602@sst.scaler.com","8962937335","","Chirag Ahuja","","chirag.26bcs10831@sst.scaler.com","","","E","E","","","","","","","","","","","","",""
"","INT_DSA_TA23","Manav Saraf","manav.25bcs10602@sst.scaler.com","8962937335","","Sahil Kunjir","","sahil.26bcs10195@sst.scaler.com","","","E","E","","","","","","","","","","","","",""
"","INT_DSA_TA23","Manav Saraf","manav.25bcs10602@sst.scaler.com","8962937335","","Garvraj Nathawat Nathawat","","garvraj.26bcs10433@sst.scaler.com","","","E","E","","","","","","","","","","","","",""
"","INT_DSA_TA23","Manav Saraf","manav.25bcs10602@sst.scaler.com","8962937335","","Muskaan Prasad","","muskaan.26bcs10672@sst.scaler.com","","","E","E","","","","","","","","","","","","",""
"","INT_DSA_TA23","Manav Saraf","manav.25bcs10602@sst.scaler.com","8962937335","","Tejas Vijay Singh","","tejas.26bcs10771@sst.scaler.com","","","E","E","","","","","","","","","","","","",""
"","INT_DSA_TA23","Manav Saraf","manav.25bcs10602@sst.scaler.com","8962937335","","Krishna Joshi","","krishna.26bcs10011@sst.scaler.com","","","E","E","","","","","","","","","","","","",""
"","INT_DSA_TA23","Manav Saraf","manav.25bcs10602@sst.scaler.com","8962937335","","Devaansh Rai","","devaansh.26bcs10779@sst.scaler.com","","","E","E","","","","","","","","","","","","",""
"","INT_DSA_TA23","Manav Saraf","manav.25bcs10602@sst.scaler.com","8962937335","","P Amith","","p.26bcs10822@sst.scaler.com","","","E","E","","","","","","","","","","","","",""
"","INT_DSA_TA23","Manav Saraf","manav.25bcs10602@sst.scaler.com","8962937335","","Venkata Kalyan Ram Kummara","","venkata.26bcs10823@sst.scaler.com","","","E","E","","","","","","","","","","","","",""
"","INT_DSA_TA23","Manav Saraf","manav.25bcs10602@sst.scaler.com","8962937335","","VANJANGI Chandu","","vanjangi.26bcs10824@sst.scaler.com","","","E","E","","","","","","","","","","","","",""
"","INT_DSA_TA23","Manav Saraf","manav.25bcs10602@sst.scaler.com","8962937335","","Vishnu Karthikeya","","vishnu.26bcs10825@sst.scaler.com","","","E","E","","","","","","","","","","","","",""
"","INT_DSA_TA23","Manav Saraf","manav.25bcs10602@sst.scaler.com","8962937335","","Yashwani Bansal","","yashwani.26bcs10826@sst.scaler.com","","","E","E","","","","","","","","","","","","",""
"","INT_DSA_TA23","Manav Saraf","manav.25bcs10602@sst.scaler.com","8962937335","","Priyanshu Yadav","","priyanshu.26bcs10836@sst.scaler.com","","","E","E","","","","","","","","","","","","",""
"","INT_DSA_TA23","Manav Saraf","manav.25bcs10602@sst.scaler.com","8962937335","","Tanishq Patil","","tanishq.26bcs10839@sst.scaler.com","","","E","E","","","","","","","","","","","","",""
"","INT_DSA_TA23","Manav Saraf","manav.25bcs10602@sst.scaler.com","8962937335","","Saransh Gaur","","saransh.26bcs10817@sst.scaler.com","","","E","E","","","","","","","","","","","","",""
"","INT_DSA_TA23","Manav Saraf","manav.25bcs10602@sst.scaler.com","8962937335","","Aarav Kapadnis","","aarav.25bcs10196@sst.scaler.com","","","E","E","","","","","","","","","","","","",""
"D","INT_DSA_TA23","Manav Saraf","manav.25bcs10602@sst.scaler.com","8962937335","A","Manish Kumar","26bcs10676","manish.26bcs10676@sst.scaler.com","Tier-2","Tier-2 JEE","E","E","","","","","","","","","","","","",""
"C","INT_DSA_TA23","Manav Saraf","manav.25bcs10602@sst.scaler.com","8962937335","C","Kabir Kwatra","26bcs10443","kabir.26bcs10443@sst.scaler.com","Tier-2","Tier-2","E","E","","","","","","","","","","","","",""
"D","INT_DSA_TA23","Manav Saraf","manav.25bcs10602@sst.scaler.com","8962937335","B","Ankit Pandey","26bcs10190","ankit.26bcs10190@sst.scaler.com","Tier-3","Tier-3","E","E","","","","","","","","","","","","",""
"A","INT_DSA_TA23","Manav Saraf","manav.25bcs10602@sst.scaler.com","8962937335","A","Naveen R Hiremath","26bcs10174","naveen.26bcs10174@sst.scaler.com","Tier-2","Tier-2","E","E","","","","","","","","","","","","",""